Mcule ID,SMILES,Similarity to hit - Tanimoto coefficient
MCULE-5313198933-0,N1C(C2C=CC=CN=2)=CSC=1NC1C=C(C)C=CN=1,1.000
MCULE-6813619596-0,N1C(C2C=CC=CN=2)=CSC=1NC1C=CC=CN=1,0.949
MCULE-4805869753-0,N1C(C2=CC=CC=N2)=CSC=1NC1=CC=CC(C)=N1,0.936
MCULE-7785909335-0,C1(SC=C(C2=CC=CC=N2)N=1)NC1=C(C=CC=N1)C,0.898
MCULE-2602785017-0,N1C(C2=CC=CC=N2)=CSC=1NC1=CC=C(C=N1)Cl,0.892
MCULE-3588516968-0,C1(SC=C(C2C=CC=CC=2)N=1)NC1=CC(C)=CC=N1,0.851
MCULE-3934951061-0,C1(SC=C(C2=CC=C(C=C2)C)N=1)NC1=CC(C)=CC=N1,0.845
MCULE-8745098580-0,C1(SC=C(C2C=CC=CC=2)N=1)NC1C=C(C)C=CN=1.Br,0.845
MCULE-2476838311-0,C1(SC=C(C2=CC=C3C(C=CC=C3)=C2)N=1)NC1=CC(C)=CC=N1,0.845
MCULE-7011722160-0,N1C(C2=CC=CC=N2)=CSC=1NC1C=CC=C(C)C=1,0.839
MCULE-2529329639-0,N1C(C2=CC=CC=N2)=CSC=1NC1C=CC(=C(C)C=1)C,0.834
MCULE-5714584588-0,CN1C(C2N=C(NC3=NC=CC=C3)SC=2)=CC=C1,0.830
MCULE-4185422015-0,N1C(C2=CC=CC=N2)=CSC=1NC1C=CC=CC=1,0.823
MCULE-1317308726-0,N1C(C2=CC=CC=N2)=CSC=1NC1N=CC=CN=1,0.819
MCULE-8587039411-0,N1C(C2=CC=CC=N2)=CSC=1NC1C=CC(=CC=1)C,0.818
MCULE-9680223126-0,C1(SC=C(C2C=CC=CC=2)N=1)NC1=CC=CC(C)=N1,0.818
MCULE-4617805198-0,C1(SC=C(C2=CC=C(C=C2)CC)N=1)NC1=CC(C)=CC=N1,0.816
MCULE-7895213428-0,C1(SC=C(C2C=CC(=CC=2)C(C)C)N=1)NC1=CC(C)=CC=N1,0.816
MCULE-2429244674-0,N1C(C2=CC=CC=N2)=CSC=1NC1C=C(C)C=CC=1C,0.816
MCULE-8401709167-0,Br.N1C(C2C=CC=CN=2)=CSC=1NC1N=CC=CN=1,0.814
MCULE-5429993452-0,C1(SC=C(C2=CC=C(C=C2)C)N=1)NC1=CC=CC(C)=N1,0.812
MCULE-4772484328-0,NC1C=CC(NC2SC=C(C3C=CC=CN=3)N=2)=CC=1,0.811
MCULE-7297152911-0,C1(SC=C(C2=CC=C(C(C)=C2)C)N=1)NC1=CC(C)=CC=N1,0.811
MCULE-5705560492-0,C1(SC=C(C2=CC=CC=C2C)N=1)NC1=CC(C)=CC=N1,0.811
MCULE-8763334404-0,C1(SC=C(C2=CC=NC=C2)N=1)NC1=CC=CC(C)=N1,0.806
MCULE-9214113868-0,C1(SC=C(C2=CC=NC=C2)N=1)NC1=CC(C)=CC=N1,0.803
MCULE-6748012060-0,C1(SC=C(C2=CC=CC=C2)N=1)NC1=CC=CC=N1,0.801
MCULE-6069386561-0,N1C(C2=CC=CC=N2)=CSC=1NC1C=CC=C(C=1)C(F)(F)F,0.801
MCULE-5580362264-0,C1(SC=C(C2C=CC(=CC=2)O)N=1)NC1=CC(C)=CC=N1,0.800
MCULE-5754389342-0,C1(SC=C(C2=CC=C(C=C2C)C)N=1)NC1=CC(C)=CC=N1,0.800
MCULE-9674437411-0,C1(SC=C(C2C=CC(=CC=2)F)N=1)NC1=CC(C)=CC=N1,0.800
MCULE-7617575695-0,Br.C1(SC=C(C2=CC=C(C=C2)Br)N=1)NC1C=C(C)C=CN=1,0.800
MCULE-1723642500-0,C1(SC=C(C2=CC=C(C=C2)Cl)N=1)NC1C=C(C)C=CN=1,0.800
MCULE-4655686459-0,C1(SC=C(C2=CC=C(C=C2)Br)N=1)NC1C=C(C)C=CN=1,0.800
MCULE-5332324725-0,C1(SC=C(C2=CC=NC=C2)N=1)NC1C=C(C)C=CN=1.Br,0.797
MCULE-2975934794-0,C1(SC=C(C2C=CC(=CC=2)C)N=1)NC1C=CC=CN=1,0.796
MCULE-7051984711-0,C1(SC=C(C2=CC=C3C(C=CC=C3)=C2)N=1)NC1=CC=CC=N1,0.796
MCULE-7226546366-0,C1(SC=C(C2=CC=C(C=C2)Cl)N=1)NC1C=C(C)C=CN=1.Br,0.795
MCULE-3400600976-0,N1C(C2C=CC=CN=2)=CSC=1NC1C=CC=C(N)C=1,0.795
MCULE-5843242138-0,N1C(C2=CC=CC=N2)=CSC=1NC1C=CC=CC=1C,0.795
MCULE-3754551674-0,N1C(C2C=CC=CN=2)=CSC=1NC1=CC=CC(=C1)C(O)=O,0.792
MCULE-1000552781-0,C1(SC=C(C2C=CC(=CC=2)C(C)C)N=1)NC1=CC=CC(C)=N1,0.792
MCULE-8819637109-0,C1(SC=C(C2=CC=C(C=C2)CC)N=1)NC1=CC=CC(C)=N1,0.792
MCULE-7391850205-0,C1(NC2C=CC=CN=2)SC=C(C2C=CC(N)=CC=2)N=1,0.792
MCULE-4092878845-0,N1C(C2=CC=CC=N2)=CSC=1NC1C=CC(=CC=1)CC,0.785
MCULE-2252278608-0,N1C(C2=CC=CC=N2)=CSC=1NC1C=CC(=CC=1C)C,0.785
MCULE-2812267940-0,C1(SC=C(C2=CC=CC(Br)=C2)N=1)NC1C=C(C)C=CN=1,0.784
MCULE-5462777598-0,C1(SC=C(C2C(C)=CC(=C(C)C=2)C)N=1)NC1=CC(C)=CC=N1,0.784
MCULE-1359202691-0,C1(SC=C(C2=CC(C)=CC=C2C)N=1)NC1=CC(C)=CC=N1,0.784
MCULE-7817744968-0,N1C(C2=CC=CC=N2)=CSC=1NC1=CC=C(C=C1)Br,0.784
MCULE-2428531930-0,N1C(C2=CC=CC=N2)=CSC=1NC1=CC=C(C=C1)N(CC)CC,0.784
MCULE-3263006278-0,N1C(C2=CC=CC=N2)=CSC=1NC1=CC=C(C=C1)F,0.784
MCULE-7583631203-0,N1C(C2=CC=CC=N2)=CSC=1NC1=CC=C(C=C1)C(O)=O,0.783
MCULE-5032706078-0,C1(SC=C(C2=CC=C(C)C(C)=C2)N=1)NC1C=CC=C(C)N=1,0.780
MCULE-3625249599-0,Br.N1C(C2C=CC=CN=2)=CSC=1NC1C=CC(=CC=1)N(CC)CC,0.779
MCULE-4901322900-0,N1C(C2=CC=CC=N2)=CSC=1NC1C=CC(=CC=1)O,0.779
MCULE-3919220524-0,C1(N(C)C2=CC=C(C=C2)O)SC=C(C2=CC=CC=N2)N=1,0.779
MCULE-6963293045-0,N1C(C2=CC=CC=N2)=CSC=1NC1C=CC=C(C(C)=O)C=1,0.776
MCULE-6744271477-0,C1(SC=C(C2C=CC(=CC=2)CC)N=1)NC1=CC=CC=N1,0.776
MCULE-3501705318-0,C1(SC=C(C2=CC=NC=C2)N=1)NC1=CC=CC=N1,0.775
MCULE-7480351205-0,C1(SC=C(C2=CC=CC=C2Cl)N=1)NC1C=C(C)C=CN=1,0.774
MCULE-1073031650-0,C1(SC=C(C2=CC=C(C=C2)NC(C)=O)N=1)NC1=CC(C)=CC=N1,0.774
MCULE-7638513453-0,C1(SC=C(C2C=CC(=C(O)C=2)O)N=1)NC1=CC(C)=CC=N1,0.774
MCULE-4324912730-0,C1(SC=C(C2C=CC(=CC=2)OC)N=1)NC1C=C(C)C=CN=1,0.774
MCULE-5205794645-0,N1C(C2=CC=CC=N2)=CSC=1NC1C=CC(=CC=1)N(=O)=O,0.773
MCULE-5576829746-0,C1(SC=C(C2C=CC=CC=2)N=1)NC1=CC=C(C=N1)C,0.772
MCULE-4554364476-0,C1(SC=C(C2C=CC(=CC=2)O)N=1)NC1=CC=CC(C)=N1,0.770
MCULE-9372586558-0,C1(SC=C(C2C=CC(=CC=2)F)N=1)NC1=CC=CC(C)=N1,0.770
MCULE-3625178160-0,C1(SC=C(C2=CC=C(C)C=C2C)N=1)NC1C=CC=C(C)N=1,0.770
MCULE-3676424224-0,C1(SC=C(C2C=CC(=C(Cl)C=2)Cl)N=1)NC1=CC(C)=CC=N1,0.769
MCULE-3420375029-0,Br.C1(SC=C(C2=CC=C(C=C2)OC)N=1)NC1C=C(C)C=CN=1,0.769
MCULE-9701356282-0,C1(SC=C(C2C=CC(=C(C)C=2)F)N=1)NC1=CC(C)=CC=N1,0.769
MCULE-8426347919-0,C1(NC2C=C(C)C=CN=2)SC(=C(C2C=CC(=CC=2)C)N=1)C,0.769
MCULE-8985895794-0,C1(SC=C(C2C=CC(=CC=2)C)N=1)NC1=CC=C(C=N1)C,0.767
MCULE-7572305388-0,N1C(C2=CC=CC=N2)=CSC=1NC1C=CC=NC=1,0.767
MCULE-5509234010-0,C1(SC=C(C2=CC=CC=C2)N=1)NC1C(=CC=CN=1)C,0.767
MCULE-2555663559-0,N1C(C2=CC=CC=N2)=CSC=1NC1C=CC(=CC=1)C(C)=O,0.766
MCULE-6378916711-0,N1C(C2=CC=CC=N2)=CSC=1NC1C=CC(=C(Cl)C=1)C,0.766
MCULE-8230688498-0,Br.C1(SC=C(C2C=CC(=C(Cl)C=2)Cl)N=1)NC1=CC(C)=CC=N1,0.764
MCULE-8021793405-0,C1(SC=C(C2C=CC(=CC=2)OCC)N=1)NC1=CC(C)=CC=N1,0.764
MCULE-1430680803-0,C1(SC=C(C2C=CC(=C(C)C=2)C)N=1)NC1=CC=CC=N1,0.764
MCULE-7998134036-0,N1C(C2=CC=CC=N2)=CSC=1NC1=CC=CC(O)=C1,0.763
MCULE-4183270958-0,C1(SC=C(C2=CC=C3C(C=CC=C3)=C2)N=1)NC1=C(C=CC=N1)C,0.762
MCULE-2073598852-0,C1(SC=C(C2=CC=C(C=C2)C)N=1)NC1=C(C=CC=N1)C,0.762
MCULE-8435587353-0,C1(SC=C(C2=CC=CC(Cl)=C2)N=1)NC1C=CC=C(C)N=1,0.761
MCULE-4995452320-0,C1(SC=C(C2=CC=CN=C2)N=1)NC1=CC(C)=CC=N1,0.761
MCULE-2845988403-0,N1=C(NC)SC=C1C1C=CC=CN=1,0.761
MCULE-2945614700-0,ClC1=CC=C(C2N=C(NC3=NC=CC=C3)SC=2)C=C1.Cl,0.760
MCULE-2451634822-0,C1(SC=C(C2=CC=C(C=C2)Cl)N=1)NC1C=CC=CN=1,0.760
MCULE-7078195638-0,C1(SC=C(C2C=CC=C(OC)C=2)N=1)NC1=CC(C)=CC=N1,0.759
MCULE-2538773067-0,Cl[H].C1(SC=C(C2C=CC(=C(C)C=2)C)N=1)NC1=CC=CC=N1,0.758
MCULE-7635638622-0,N1C(C2=CC=CC=N2)=CSC=1NC1=CC=C(C=C1)NC(C)=O,0.758
MCULE-6861949298-0,N1C(C2=CC=CC=N2)=CSC=1NC1C=CC(=CC=1)OC,0.758
MCULE-9447404457-0,N1C(C2=CC=CC=N2)=CSC=1NC1C=CC=CC=1Br,0.758
MCULE-1172598052-0,N1C(C2=CC=CC=N2)=CSC=1NC1C=CC=CC=1CC,0.758
MCULE-9185092908-0,Br.C1(SC=C(C2C=CC=NC=2)N=1)NC1C=C(C)C=CN=1,0.756
MCULE-6837916996-0,N1C(C2=CC=CC=N2)=CSC=1NC1C=CC=CC=1C(F)(F)F,0.756
MCULE-9667064343-0,N1C(C2=CC=CC=N2)=CSC=1NC1C=CC=C(Cl)C=1Cl,0.756
MCULE-8327823611-0,N(=O)(=O)C1C=CC=CC=1NC1SC=C(C2=CC=CC=N2)N=1,0.755
MCULE-5596640009-0,C1(SC=C(C2=CC=CC(Br)=C2)N=1)NC1C=CC=C(C)N=1,0.755
MCULE-9825795491-0,C1(SC=C(C2C=CC(=CC=2C)C)N=1)NC1=CC=CC=N1,0.753
MCULE-2729263550-0,C1(SC=C(C2C=CC(=CC=2)O)N=1)NC1=CC=CC=N1,0.753
MCULE-8713890895-0,C1(SC=C(C2C=CC(=CC=2)Br)N=1)NC1=CC=CC=N1,0.753
MCULE-5628220625-0,C1(SC=C(C2C=CC(=CC=2)F)N=1)NC1=CC=CC=N1,0.753
MCULE-1162352817-0,N1C(C2=CC=CC=N2)=CSC=1NC1C=CC=CC=1F,0.753
MCULE-2678266375-0,C1(SC=C(C2=CC=C(C=C2)NC(C)=O)N=1)NC1=CC=CC(C)=N1,0.752
MCULE-3778829744-0,C1(SC=C(C2=CC=CC=C2Cl)N=1)NC1C=CC=C(C)N=1,0.752
MCULE-8178315462-0,C1(SC=C(C2C=CC(=CC=2O)O)N=1)NC1=CC(C)=CC=N1,0.750
MCULE-9356321358-0,C1(SC=C(C2=CC=CN=C2)N=1)NC1=CC=CC(C)=N1,0.750
MCULE-4300164718-0,C1(SC=C(C2=CC=C3C(C=CC=C3)=C2)N=1)NC1=CC=C(C=N1)Cl,0.750
MCULE-1138497466-0,C1(SC=C(C2C=CC(=CC=2)C)N=1)NC1C=CC(=CN=1)Cl,0.750
MCULE-1644506074-0,O=N(C1=CC=C(C2N=C(NC3=NC=CC=C3)SC=2)C=C1)=O,0.750
MCULE-6104292906-0,N1C(C2=CC=CC=N2)=CSC=1NC1=CC=CC(=C1)N(=O)=O,0.748
MCULE-2911653613-0,C1(SC=C(C2C=CC(=CC=2)CC)N=1)NC1=CC=C(C=N1)C,0.748
MCULE-1563258495-0,C1(SC=C(C2=CC=C(C=C2)C(C)C)N=1)NC1=CC=C(C=N1)C,0.748
MCULE-7098152254-0,N1C(C2=CC=CC=N2)=CSC=1NC1C=CC(=CC=1)OCC,0.748
MCULE-3081052764-0,C1(SC=C(C2=CC=NC=C2)N=1)NC1=C(C=CC=N1)C,0.748
MCULE-1421579995-0,Cl.FC1=CC=C(C2N=C(NC3=NC=CC=C3)SC=2)C=C1,0.748
MCULE-9943153320-0,C1(SC=C(C2C=CC(=CC=2C)C)N=1)NC1=CC=CC=N1.Cl[H],0.748
MCULE-9181412875-0,C1(NC2C=CC=C(C)N=2)SC(=C(C2C=CC(=CC=2)C)N=1)C,0.747
MCULE-8731808359-0,N1C(C2=CC=CC=N2)=CSC=1NC1=CC=CC(Cl)=C1C,0.745
MCULE-9548554279-0,C1(SC=C(C2C=CC(=CC=2)OC)N=1)NC1=CC=CC(C)=N1,0.745
MCULE-6972447517-0,CSC1=CC=C(C2N=C(NC3=NC=CC=C3)SC=2)C=C1,0.745
MCULE-4569622380-0,C1(SC=C(C2=CC=CC(Cl)=C2)N=1)NC1C=CC=CN=1,0.745
MCULE-5188763659-0,N1C(C2=CC=CC=N2)=CSC=1NC1C=CC(=C(C(O)=O)C=1)O,0.744
MCULE-8048315717-0,N1C(C2=CC=CC=N2)=CSC=1NC1=C(Cl)C=CC(=C1)C(F)(F)F,0.744
MCULE-8199591587-0,N1C(C2=CC=CC=N2)=CSC=1NC1=CC=C(C=C1Br)Br,0.744
MCULE-1067415001-0,C1(SC=C(C2C=CC(=C(C)C=2)OC)N=1)NC1=CC(C)=CC=N1,0.741
MCULE-5395612857-0,C1(SC=C(C2C=CC(=C(C)C=2)F)N=1)NC1=CC=CC(C)=N1,0.741
MCULE-3570844924-0,CSC1=CC=C(C2N=C(NC3=NC=CC=C3)SC=2)C=C1.Cl,0.740
MCULE-3899703284-0,C1(SC=C(C2C=CC(=CC=2)F)N=1)NC1=CC=C(C=N1)F,0.740
MCULE-5994507087-0,N1C(=CSC=1NC1=CC=CC=N1)C1=CC(C)=CC=C1C,0.739
MCULE-1207999851-0,C1(SC=C(C2=CC=CC(Br)=C2)N=1)NC1C=CC=CN=1,0.739
MCULE-8330664240-0,N1C(=CSC=1NC1=CC=CC=N1)C1C(C)=CC(=C(C)C=1)C,0.739
MCULE-5668613560-0,C1(SC=C(C2C=CC(=CC=2)CC)N=1)NC1=CC=C(C=N1)F,0.737
MCULE-6605791105-0,C1(SC=C(C2=CC=C(C)C(C)=C2)N=1)NC1C=CC(=CN=1)C,0.737
MCULE-5419509389-0,CS(NC1=CC=C(C2N=C(NC3=NC=CC=C3)SC=2)C=C1)(=O)=O,0.737
MCULE-4384709391-0,C1(SC=C(C2=CC=C(C=C2)OC(C)=O)N=1)NC1=CC(C)=CC=N1,0.736
MCULE-4288535935-0,S(N)(=O)(=O)C1=CC=C(C=C1)NC1SC=C(C2=CC=CC=N2)N=1,0.736
MCULE-1869686617-0,N1C(=CSC=1NC1C=CC=CN=1)C1=CC=CC=C1Cl,0.735
MCULE-9055928666-0,NC(NC1=CC=C(C2N=C(NC3=NC=CC=C3)SC=2)C=C1)=O,0.735
MCULE-8616569515-0,C1(SC=C(C2=CC=C(C=C2)NC(C)=O)N=1)NC1=CC=CC=N1,0.735
MCULE-2966612477-0,C1(SC=C(C2C=CC(=CC=2)Cl)N=1)NC1=CC=C(C=N1)C,0.734
MCULE-6982458579-0,N1C(C2=CC=CC=N2)=CSC=1NC1C=CC=C(OC)C=1,0.734
MCULE-1678775632-0,BrC1=C(C2N=C(NC3=NC=CC=C3)SC=2)C=CC=C1,0.734
MCULE-6285616901-0,BrC1=C(C2N=C(NC3=NC=CC=C3)SC=2)C=CC=C1.Br,0.734
MCULE-3530636338-0,C1(SC=C(C2=CC=C(C)C(C)=C2)N=1)NC1C(=CC=CN=1)C,0.732
MCULE-6612676167-0,CS(NC1=CC=C(C2N=C(NC3=NC=CC=C3)SC=2)C=C1)(=O)=O.Cl,0.732
MCULE-2585441048-0,CN(S(C)(=O)=O)C1=CC=C(C2N=C(NC3=NC=CC=C3)SC=2)C=C1,0.732
MCULE-8500147549-0,C1(NC2C=C(C)C=CN=2)SC(=C(C2C=CC(=CC=2)Cl)N=1)C,0.732
MCULE-4161413613-0,C1(NC2C=C(C)C=CN=2)SC(=C(C2C=CC(=CC=2)Br)N=1)C,0.732
MCULE-6204592239-0,C1(NC2C=CC=CN=2)SC(=C(C2C=CC(=CC=2)C)N=1)C,0.731
MCULE-3256115729-0,C1(SC=C(C2C=CC(=C(Cl)C=2)Cl)N=1)NC1=CC=CC=N1,0.731
MCULE-3966449955-0,C1(SC=C(C2=CC=NC=C2)N=1)NC1=CC=C(C=N1)Cl,0.730
MCULE-9687944093-0,C1(SC=C(C2C=CC(=CC=2)Cl)N=1)NC1=C(C=CC=N1)C,0.730
MCULE-9785158435-0,N1C(C2=CC=CC=N2)=CSC=1NC1=CC=CC=C1OC,0.730
MCULE-1353837629-0,C1(SC=C(C2C=CC(=C(O)C=2)O)N=1)NC1=CC=CC=N1,0.729
MCULE-8732221050-0,C1(SC=C(C2=CC=CC=C2)N=1)NC1=CC=C(C=N1)Br,0.729
MCULE-6657699446-0,N1C(=CSC=1NC1C=CC=CN=1)C1C=CC=CC=1O,0.729
MCULE-1137244376-0,C1(SC=C(C2C=CC(=CC=2)OC)N=1)NC1C=CC=CN=1,0.729
MCULE-4003743406-0,C1(SC=C(C2=CC=C(C=C2Cl)Cl)N=1)NC1=CC=CC(C)=N1,0.728
MCULE-5529289169-0,C1(SC=C(C2=CC=CC(=C2)NC(C)=O)N=1)NC1=CC=CC(C)=N1,0.728
MCULE-4946952900-0,C1(SC=C(C2C=CC(=CC=2)F)N=1)NC1=CC=C(C=N1)C,0.728
MCULE-5002611168-0,C1(SC=C(C2=CC=C(C)C=C2C)N=1)NC1C=CC(=CN=1)C,0.728
MCULE-1966346703-0,C1(SC=C(C2C=CC(=CC=2)Br)N=1)NC1=CC=C(C=N1)C,0.728
MCULE-2439632125-0,C1(SC=C(C2C=CC(=C(OC)C=2)OC)N=1)NC1C=C(C)C=CN=1,0.727
MCULE-1593743933-0,C1(SC=C(C2=CC=CC=C2C)N=1)NC1=CC=C(C=N1)F,0.726
MCULE-3618243663-0,C1(SC=C(C2=CC=C(C(C)=C2)C)N=1)NC1=CC=C(C=N1)F,0.726
MCULE-1993599942-0,O=N(C1=CC(C2N=C(NC3=NC=CC=C3)SC=2)=CC=C1)=O,0.726
MCULE-3884976044-0,C1(SC=C(C2C=CC(=C(C)C=2)F)N=1)NC1=CC=CC=N1,0.724
MCULE-9733990683-0,C1(SC=C(C2C=CC(=CC=2)C)N=1)NC1=CC=C(C=N1)Br,0.724
MCULE-5282823104-0,Br.C1(SC=C(C2C=CC(=CC=2)OC)N=1)NC1C=CC=CN=1,0.724
MCULE-9750325102-0,N1=C(NC)SC=C1C1=CC=CC(=N1)C1=CSC(NC)=N1,0.724
MCULE-2800912521-0,C1(SC=C(C2C=CC(=CC=2)O)N=1)NC1=C(C=CC=N1)C,0.723
MCULE-9910194979-0,CC(C(NC1=CC=C(C2N=C(NC3=NC=CC=C3)SC=2)C=C1)=O)(C)C,0.723
MCULE-6314740645-0,C1(SC=C(C2C=CC(=CC=2)F)N=1)NC1=C(C=CC=N1)C,0.723
MCULE-1547398678-0,C1(SC=C(C2=CC=C(C)C=C2C)N=1)NC1C(=CC=CN=1)C,0.723
MCULE-9416960342-0,C1(SC=C(C2C=CC(=C(OC)C=2)OC)N=1)NC1C=C(C)C=CN=1.Br,0.723
MCULE-7661332877-0,C1(SC=C(C2=CC=CN=C2)N=1)NC1=CC=CC=N1,0.723
MCULE-4138043309-0,C1(SC=C(C2C=CC(=CC=2O)O)N=1)NC1=CC=CC(C)=N1,0.722
MCULE-5345267327-0,C1(SC=C(C2=CC=C(C)C(C)=C2)N=1)NC1C=CC(=CN=1)Cl,0.722
MCULE-3433062911-0,C1(SC=C(C2C=CC=C(C=2)N(=O)=O)N=1)NC1=CC=CC=N1.Br[H],0.722
MCULE-4542844433-0,C1(SC=C(C2C=CC(=CC=2)C2CCCCC2)N=1)NC1C=CC=CN=1,0.722
MCULE-1821720398-0,N1C(C2=CC=CC=N2)=CSC=1NC1C=CC(=C(O)C=1)C(O)=O,0.721
MCULE-3582720210-0,N1C(=CSC=1NC1C=C(C)C=CN=1)C1=CC=CS1,0.721
MCULE-6645269356-0,C1(SC=C(C2C=CC(=CC=2)OCC)N=1)NC1=CC=CC=N1,0.720
MCULE-5123399108-0,C1(SC=C(C2C=CC(=CC=2)O)N=1)NC1=CC=C(C=N1)Cl,0.717
MCULE-5211891145-0,C1(SC=C(C2=CC=CC(Cl)=C2)N=1)NC1C=CC(=CN=1)Cl,0.717
MCULE-6373071776-0,CC(NCC1=CC=C(C2N=C(NC3=NC=CC=C3)SC=2)C=C1)=O,0.717
MCULE-2720002310-0,Br.N1C(=CSC=1NC1C=C(C)C=CN=1)C1=CC=CS1,0.717
MCULE-4010008230-0,C1(NC2C=CC=C(C)N=2)SC(=C(C2C=CC(=CC=2)Cl)N=1)C,0.717
MCULE-5336120192-0,C1(SC=C(C2=CC=CC(Cl)=C2)N=1)NC1C(=CC=CN=1)C,0.716
MCULE-7898452510-0,N1C(=CSC=1NC1=CC=CC=N1)C1C=CC(=CC=1F)F,0.715
MCULE-1287191041-0,COC1=CC(C2N=C(NC3=NC=CC=C3)SC=2)=CC=C1,0.715
MCULE-6603704213-0,CCOC1=C2C(C=CC=C2)=C(C2N=C(NC3=NC=CC=C3)SC=2)C=C1,0.715
MCULE-9657967812-0,N1C(=CSC=1NC1=CC=C(C=N1)C)C1C(C)=CC(=C(C)C=1)C,0.714
MCULE-9686844931-0,N1C(=CSC=1NC1=CC=C(C=N1)C)C1=CC(C)=CC=C1C,0.714
MCULE-2478486167-0,C1(NC2C=CC(C)=CN=2)SC(=C(C2C=CC(=CC=2)C)N=1)C,0.714
MCULE-3707466374-0,C1(SC=C(C2=CC=CC(Br)=C2)N=1)NC1C=CC(=CN=1)C,0.714
MCULE-9577079959-0,C1(SC=C(C2C=CC(=C(C)C=2)OC)N=1)NC1=CC=CC(C)=N1,0.713
MCULE-2825649807-0,CC(NCC1=CC=C(C2N=C(NC3=NC=CC=C3)SC=2)C=C1)=O.Cl,0.713
MCULE-5001287994-0,C1(SC=C(C2=CC=C(C)C=C2C)N=1)NC1C=CC(=CN=1)Cl,0.713
MCULE-8284431151-0,N1C(=CSC=1NC1C=CC(=CN=1)Cl)C1=CC=CC=C1Cl,0.713
MCULE-9565174459-0,C1(SC=C(C2C=CC(=CC=2)F)N=1)NC1=CC=C(C=N1)Cl,0.713
MCULE-6951297990-0,N1C(=CSC=1NC1=CC=CC=N1)C1=CC=C(C=C1Cl)Cl,0.713
MCULE-6798893576-0,N1C(=CSC=1NC1C=CC(=CN=1)C)C1=CC=CC=C1Cl,0.712
MCULE-4962664981-0,N1C(C2=CC=CC=N2)=CSC=1NC1=CC=CC=C1OCC,0.712
MCULE-3883314324-0,CNC1SC=C(C2N=CC(Cl)=CC=2)N=1,0.711
MCULE-1061087875-0,C1(NC2C=CC=C(C)N=2)SC(=C(C2C=CC(=CC=2)Br)N=1)C,0.711
MCULE-3688725977-0,C1(SC=C(C2=CC=CN=C2)N=1)NC1=C(C=CC=N1)C,0.711
MCULE-7647676829-0,N1C(=CSC=1NC1=CC=CC=N1)C1C=CC(=CC=1F)F.Cl[H],0.711
MCULE-1906523839-0,FC1=CC(C2N=C(NC3=NC=CC=C3)SC=2)=C(F)C=C1,0.711
MCULE-7982820812-0,C1(SC=C(C2=CC=CC(Br)=C2)N=1)NC1C(=CC=CN=1)C,0.710
MCULE-3579464116-0,C1(SC=C(C2C=CC=C(Cl)C=2)N=1)NC1=CC=C(C=N1)F,0.710
MCULE-3488894198-0,C1(SC=C(C2C=CC(=CC=2)OC)N=1)NC1=CC=C(C=N1)C,0.710
MCULE-3521115396-0,C1(SC=C(C2=CC=C(C=C2)OC(C)=O)N=1)NC1=CC=CC(C)=N1,0.709
MCULE-7828080000-0,C1(SC=C(C2C=CC(=CC=2)CC)N=1)NC1=CC=C(C=N1)Br,0.708
MCULE-4077728193-0,C1(SC=C(C2=CC=CC(=C2)NC(C)=O)N=1)NC1=CC=CC=N1,0.708
MCULE-5855825730-0,C1(SC=C(C2C=CC(=C(Cl)C=2)Cl)N=1)NC1=CC=C(C=N1)Cl,0.708
MCULE-3932288841-0,C1(=C(C)N=C2C=CC=CN12)C1=CSC(NC2C=C(C)C=CN=2)=N1,0.708
MCULE-7368709716-0,N1C(C2=CC=CC=N2)=CSC=1NC1C=CC(=CC=1OC)OC,0.707
MCULE-8440925504-0,C1(SC=C(C2C=CC(=C(Cl)C=2)Cl)N=1)NC1=CC=C(C=N1)C,0.707
MCULE-3506587251-0,N(C1=NC=CC=C1)C1SC=C(C2C3=C(C=CC=C3)NC=2)N=1,0.707
MCULE-2711473686-0,C1(SC=C(C2=CC=CC=C2Cl)N=1)NC1C(=CC=CN=1)C,0.707
MCULE-6645630061-0,N1C(=CSC=1NC1=CC=CC(C)=N1)C1=CC=CS1,0.707
MCULE-7684282948-0,N1C(=CSC=1NC1=CC=CC=N1)C1C=CC(=CC=1O)O,0.706
MCULE-6824578367-0,Cl.FC1=CC(C2N=C(NC3=NC=CC=C3)SC=2)=C(F)C=C1,0.706
MCULE-5778199153-0,C1(SC=C(C2C=CC(=C(O)C=2)O)N=1)NC1=CC=C(C=N1)C,0.706
MCULE-3649390439-0,CCN(S(C)(=O)=O)C1=CC=C(C2N=C(NC3=NC=CC=C3)SC=2)C=C1,0.706
MCULE-1381237989-0,C1(SC=C(C2C=CC(=CC=2)OC)N=1)NC1=C(C=CC=N1)C,0.706
MCULE-9025856946-0,C1(SC=C(C2C=CC(=CC=2)OC)N=1)NC1=CC=C(C=N1)C.Cl,0.706
MCULE-7253478955-0,C1(=C(C)N=C2C=CC=CN12)C1=CSC(NC2C=C(C)C=CN=2)=N1.Br,0.704
MCULE-2488828738-0,N1C(=CSC=1NC1=CC=C(C=N1)F)C1C(C)=CC(=C(C)C=1)C,0.704
MCULE-7398687981-0,N1C(=CSC=1NC1=CC=C(C=N1)F)C1=CC(C)=CC=C1C,0.704
MCULE-1314544367-0,Cl.N(C1=NC=CC=C1)C1SC=C(C2C3=C(C=CC=C3)NC=2)N=1,0.703
MCULE-2962264569-0,CC1=CC(C2N=C(NCC(F)F)SC=2)=NC=C1,0.703
MCULE-8615988139-0,C1(SC=C(C2=CC=C(C(C)=C2)C)N=1)NC1=CC=C(C=N1)Br,0.702
MCULE-3026054225-0,C1(NC2C=C(C=CN=2)C)SC(=C(C2=CC=C(F)C(C)=C2)N=1)C,0.702
MCULE-9202516600-0,C1(SC=C(C2C=CC(=C(C)C=2)F)N=1)NC1=CC=C(C=N1)C,0.701
MCULE-3831574309-0,C1(SC=C(C2C=CC(=C(O)C=2)O)N=1)NC1=C(C=CC=N1)C,0.701
MCULE-6352762166-0,C1(SC(=C(C2C=CC(=CC=2)C)N=1)C)NC1C(=CC=CN=1)C,0.701
MCULE-3634148915-0,C1(NC2C=CC=CN=2)SC(=C(C2C=CC(=CC=2)Cl)N=1)C,0.701
MCULE-5757572177-0,C1(SC=C(C2C=CC(=CC=2)OCC)N=1)NC1=CC=C(C=N1)C,0.701
MCULE-4145418667-0,C1(SC=C(C2=CC=C(C(OC)=C2)OC)N=1)NC1=CC=CC(C)=N1,0.701
MCULE-1329564706-0,C1(=C(C)N=C2C=C(C)C=CN12)C1=CSC(NC2C=C(C)C=CN=2)=N1,0.700
MCULE-4026899253-0,C1(SC=C(C2=CC=CC(Br)=C2)N=1)NC1C=CC(=CN=1)Cl,0.699
MCULE-4257671663-0,C1(SC=C(C2=CC=CC=C2C)N=1)NC1=CC=C(C=N1)Br,0.698
MCULE-9079930417-0,C1(SC=C(C2=CC=C(C=C2)NC(C)=O)N=1)NC1=CC=C(C=N1)Cl,0.697
MCULE-9431454888-0,C1(SC=C(C2C=CC(=C(C)C=2)F)N=1)NC1=C(C=CC=N1)C,0.697
MCULE-6990487358-0,C1(SC=C(C2C=CC=C(OC)C=2)N=1)NC1=CC=C(C=N1)C,0.697
MCULE-8600447954-0,Br.C1(=C(C)N=C2C=C(C)C=CN12)C1=CSC(NC2C=C(C)C=CN=2)=N1,0.696
MCULE-2549794208-0,CC1=C(C2=CC=C(F)C=C2)N=C(NC2=NC=CC=C2)S1,0.695
MCULE-1405593020-0,C1(NC2C=CC=CN=2)SC(=C(C2C=CC(=CC=2)Br)N=1)C,0.695
MCULE-6511150386-0,C1(SC=C(C2C=CC(=CC=2)OC)N=1)NC1=CC=C(C=N1)Cl,0.695
MCULE-1551477421-0,O=C1NC2=C(C=CC(C3N=C(NC4=NC=CC=C4)SC=3)=C2)N1,0.695
MCULE-5512249273-0,C1(SC=C(C2C=CC3=NSN=C3C=2)N=1)NC1=CC=CC=N1,0.695
MCULE-6077185667-0,C1(SC=C(C2=CC=C(C=C2)OC(C)=O)N=1)NC1=CC=CC=N1,0.693
MCULE-2693319227-0,C1(SC=C(C2=CC=C(C=C2C)C)N=1)NC1=CC=C(C=N1)Br,0.693
MCULE-1492272114-0,N1C(=CSC=1NC1=CC=C(C=N1)C)C1=CC=C(C=C1F)F,0.693
MCULE-7299019277-0,C1(NC2C=CC(Cl)=CN=2)SC(=C(C2C=CC(=CC=2)C)N=1)C,0.693
MCULE-5351169540-0,CCOC(C1C(C)=C(C2N=C(NC3=NC=CC=C3)SC=2)NC=1C)=O,0.693
MCULE-4747016992-0,C1(=C(C)N=C2N=CC=CN21)C1=CSC(NC2C=C(C)C=CN=2)=N1,0.692
MCULE-3012330654-0,CC1=C(C2=CC=C(F)C=C2)N=C(NC2=NC=CC=C2)S1.Br,0.691
MCULE-4837577354-0,CC1=C(C2=CC=C(Br)C=C2)N=C(NC2=NC=CC=C2)S1.Cl,0.691
MCULE-4524960261-0,N1C(=CSC=1NC1=CC=C(C=N1)C)C1=CC=C(C=C1Cl)Cl,0.690
MCULE-7722311782-0,N1C(C2=CC=CC=N2)=CSC=1NC1=C(OC)C=CC(OC)=C1,0.690
MCULE-5475214403-0,O=C1NC2=C(C=CC(C3N=C(NC4=NC=CC=C4)SC=3)=C2)N1.Cl,0.690
MCULE-5593569780-0,C1(SC=C(C2C=CC3=NSN=C3C=2)N=1)NC1=CC=CC=N1.Cl,0.690
MCULE-1859973396-0,C1(SC=C(C2C=CC(=CC=2)F)N=1)NC1C=CC(=CN=1)I,0.689
MCULE-4149669608-0,C1(SC=C(C2C=CC(=CC=2)F)N=1)NC1=CC=C(C=N1)Br,0.689
MCULE-6209020592-0,C1(=C(C)N=C2C=C(C)C=CN12)C1=CSC(NC2C=CC=CN=2)=N1,0.689
MCULE-9469483918-0,CS(NCCC1=CC=C(C2N=C(NC3=NC=CC=C3)SC=2)C=C1)(=O)=O,0.689
MCULE-9181404437-0,O=N(C1=C(Cl)C=CC(C2N=C(NC3=NC=CC=C3)SC=2)=C1)=O,0.689
MCULE-6688741693-0,Br.C1(=C(C)N=C2N=CC=CN21)C1=CSC(NC2C=C(C)C=CN=2)=N1,0.689
MCULE-4677595423-0,CCCCNC1SC=C(C2=NC=CC(C)=C2)N=1,0.688
MCULE-8151312010-0,CC(CCNC1SC=C(C2=NC=CC(C)=C2)N=1)C,0.688
MCULE-7208913184-0,N1C(C2C=CN=CC=2)=CSC=1NC1=CC=CC(C)=C1,0.687
MCULE-2231474681-0,CC1=C(C2=C(C)C=CC(C)=C2)N=C(NC2=NC=CC=C2)S1,0.687
MCULE-5311215243-0,C1(SC=C(C2C=CC(=CC=2)OCC)N=1)NC1=CC=C(C=N1)F,0.687
MCULE-3527853652-0,C1CC2=C(C=CC(C3N=C(NC4=NC=CC=C4)SC=3)=C2)C1,0.687
MCULE-4092333232-0,C1(SC=C(C2=CC=C(C=C2Cl)Cl)N=1)NC1=C(C=CC=N1)C,0.686
MCULE-6638001879-0,C1(NC2C=CC(C)=CN=2)SC(=C(C2C=CC(=CC=2)Cl)N=1)C,0.686
MCULE-6438263282-0,CC1CC(NC2SC=C(C3=NC=CC=C3)N=2)C1,0.686
MCULE-3138300748-0,C1(=CSC(NC2C=CC=CC=2)=N1)C1=C(Cl)C=C(C=N1)C(F)(F)F,0.686
MCULE-2513832270-0,C1(SC=C(C2=CC=C(C(OC)=C2)OC)N=1)NC1=CC=CC=N1,0.685
MCULE-5798289780-0,N1C(=CSC=1NC1C=CC=CN=1)C1=CC=CS1,0.685
MCULE-2360823682-0,C1(SC=C(C2=CC=CN=C2)N=1)NC1=CC=C(C=N1)Cl,0.685
MCULE-6988399642-0,C1(SC=C(C2=CC=CC(=C2)NC(C)=O)N=1)NC1=CC=C(C=N1)C,0.685
MCULE-4599416560-0,CC1=C(C2=CC(Cl)=CC=C2)N=C(NC2=NC=CC=C2)S1,0.685
MCULE-5085143727-0,CS(NCCC1=CC=C(C2N=C(NC3=NC=CC=C3)SC=2)C=C1)(=O)=O.Cl,0.685
MCULE-8768504766-0,N1C(=CSC=1NC1=CC=C(C=N1)C)C1C=CC(=CC=1O)O,0.685
MCULE-8490554045-0,N1C(C2=CC=CC=N2)=CSC=1NC1C(OC)=CC=C(Cl)C=1,0.684
MCULE-3678101379-0,CS(C1=CC(C2N=C(NC3=NC=CC=C3)SC=2)=CC=C1)(=O)=O,0.683
MCULE-7992486448-0,Cl.C1CC2=C(C=CC(C3N=C(NC4=NC=CC=C4)SC=3)=C2)C1,0.683
MCULE-4573580589-0,N1C(C2C=CC=CN=2)=CSC=1NC1=C(Br)C=C(C=C1Br)OC,0.682
MCULE-1442702473-0,CC1=C(C2=CC=C(NS(C)(=O)=O)C=C2)N=C(NC2=NC=CC=C2)S1,0.682
MCULE-1685694897-0,C1(NC2C=CC=C(C)N=2)SC(=C(C2=CC=C(F)C(C)=C2)N=1)C,0.682
MCULE-1017831943-0,C1(=CSC(N)=N1)C1N=CC=CC=1,0.681
MCULE-3639857585-0,C1(SC=C(C2C=CC(=CC=2)OC)N=1)NC1=CC=C(C=N1)Br,0.681
MCULE-1315706961-0,N1C(=CSC=1NC1=CC=C(C=N1)Br)C1=CC(C)=CC=C1C,0.681
MCULE-1657711736-0,COC1=C(Br)C=C(C2N=C(NC3=NC=CC=C3)SC=2)C=C1,0.681
MCULE-4791239621-0,C1(NC2C=CC(Cl)=CN=2)SC(=C(C2C=CC(=CC=2)Cl)N=1)C,0.680
MCULE-5196316669-0,C1(SC=C(C2C=CC(=CC=2O)O)N=1)NC1=C(C=CC=N1)C,0.680
MCULE-1515550107-0,C1(SC=C(C2=CC=CC(=C2)NC(C)=O)N=1)NC1=C(C=CC=N1)C,0.680
MCULE-5127396782-0,C1(SC=C(C2C=CC(=C(C)C=2)OC)N=1)NC1=CC=C(C=N1)C,0.680
MCULE-3791158481-0,CC1=C(C2=CC(Cl)=CC=C2)N=C(NC2=NC=CC=C2)S1.Br,0.680
MCULE-3613404882-0,C1(NC2C=CC(C)=CN=2)SC(=C(C2C=CC(=CC=2)Br)N=1)C,0.680
MCULE-2838897501-0,CC1=C(C2=CC=C(NS(C)(=O)=O)C=C2)N=C(NC2=NC=CC=C2)S1.Cl,0.678
MCULE-1352886988-0,C1(SC=C(C2C=CC3=NSN=C3C=2)N=1)NC1=C(C=CC=N1)C,0.678
MCULE-2099734187-0,N1C(C2=CC=NC=C2)=CSC=1NC1C=CC(=C(C)C=1)C,0.678
MCULE-7007272263-0,CNC1SC=C(C2=NC=C(Br)C=C2)N=1,0.677
MCULE-8281495990-0,COC1=C(Br)C=C(C2N=C(NC3=NC=CC=C3)SC=2)C=C1.Cl,0.677
MCULE-1699686726-0,C1(SC=C(C2C=CC(=C(C)C=2)OC)N=1)NC1=C(C=CC=N1)C,0.676
MCULE-2781455578-0,N1=C(N)SC=C1C1=CC=CC=N1.Br,0.676
MCULE-4128703131-0,C1(=CSC(NC2C=CC=C(C=2)C(F)(F)F)=N1)C1=C(Cl)C=C(C=N1)C(F)(F)F,0.676
MCULE-5829027523-0,N1C(C2=CC=NC=C2)=CSC=1NC1C=C(C)C=CC=1C,0.675
MCULE-3190661502-0,Cl.COC1=C(Cl)C=C(C2N=C(NC3=NC=CC=C3)SC=2)C=C1,0.675
MCULE-7794211239-0,C1(NC2=CC=CC=N2)SC(=C(C2=CC=C(C=C2)OC)N=1)C,0.675
MCULE-3440482401-0,COC1=C(Cl)C=C(C2N=C(NC3=NC=CC=C3)SC=2)C=C1,0.675
MCULE-8356719096-0,C1(SC(=C(C2C=CC(=CC=2)Cl)N=1)C)NC1C(=CC=CN=1)C,0.674
MCULE-8139436209-0,Cl.C1(SC=C(C2C=CC3=NSN=C3C=2)N=1)NC1=C(C=CC=N1)C,0.674
MCULE-6621550253-0,C1(=C(C)N=C2C=CC=CN12)C1=CSC(NC2C=CC=CN=2)=N1,0.674
MCULE-5969378487-0,C1(SC2=C(C(=CC=C2)F)N=1)NC1SC=C(C2=CC=CC=N2)N=1,0.674
MCULE-8965534200-0,C1(SC=C(C2=CC=CC(=C2)NC(C)=O)N=1)NC1=CC=C(C=N1)Cl,0.673
MCULE-4813994004-0,N1C(C2=CC=CC=C2)=CSC=1NC1C=CC=C(C)C=1,0.671
MCULE-7107300265-0,CC1=CC(C2N=C(NC3=CN(C)N=C3)SC=2)=NC=C1,0.671
MCULE-5271582958-0,CC1=C(C2=CC=C(NC(C(C)(C)C)=O)C=C2)N=C(NC2=NC=CC=C2)S1,0.671
MCULE-9548660884-0,C1(=CSC(NC2C=CC(=CC=2)Cl)=N1)C1=C(Cl)C=C(C=N1)C(F)(F)F,0.670
MCULE-1540276150-0,C1(=C(C)N=C2C=CC=CN12)C1=CSC(NC2=CC=CC=N2)=N1.Br.Br,0.670
MCULE-1276510116-0,N1C(C2C=CC=CC=2)=CSC=1NC1C=CC(=C(C)C=1)C,0.669
MCULE-7949672999-0,C1(SC(=C(C2C=CC(=CC=2)Br)N=1)C)NC1C(=CC=CN=1)C,0.669
MCULE-8847063110-0,NC(C1=C(O)C=CC(C2N=C(NC3=NC=CC=C3)SC=2)=C1)=O,0.669
MCULE-5045129152-0,C1(SC=C(C2=CC=C(C(OC)=C2)OC)N=1)NC1=CC=C(C=N1)C,0.669
MCULE-4092187095-0,O=C1N(C2=CC(C3N=C(NC4=NC=CC=C4)SC=3)=CC=C2)CCC1,0.669
MCULE-6061814546-0,C1(SC2=C(C=C(C=C2)OC)N=1)NC1SC=C(C2=CC=CC=N2)N=1,0.669
MCULE-8837783140-0,C1(=CSC(NC2C=CC=CC=2Cl)=N1)C1=C(Cl)C=C(C=N1)C(F)(F)F,0.669
MCULE-3504308021-0,C1(NC2C=CC=CN=2)SC(=C(C2=CC=C(F)C(C)=C2)N=1)C,0.667
MCULE-7655666544-0,CC1=CC(NC2SC=C(C3=CC=CC=C3)N=2)=CC=C1.Br,0.667
MCULE-2918931430-0,CC1=CC=C(C2N=C(NC3=CC(C)=CC=C3)SC=2)C=C1,0.667
MCULE-5301983777-0,N(C1=NC=CC=C1)C1SC(C2=CC=CC=C2)=C(C2=CC=CC=C2)N=1,0.667
MCULE-8342897046-0,CC(NC(C)=O)CCC1=CC=C(C2N=C(NC3=NC=CC=C3)SC=2)C=C1,0.667
MCULE-1293164277-0,C1(SC=C(C2=CC=C(C(OC)=C2)OC)N=1)NC1=C(C=CC=N1)C,0.665
MCULE-4179378193-0,N1C(=CSC=1NC1=CC=C(C=N1)C)C1=CC=CS1,0.665
MCULE-9702779038-0,COC1=CC(OC)=C(C2N=C(NC3=NC=CC=C3)SC=2)C=C1,0.665
MCULE-4410706920-0,N1C(C2C=CC3=C(C=CC=C3)C=2)=CSC=1NC1=CC=C(C(C)=C1)C,0.664
MCULE-1605631044-0,Br.N1C(C2=CC=CC=C2)=CSC=1NC1C=CC(=C(C)C=1)C,0.664
MCULE-9969611573-0,N1C(C2=CC=C(C=C2)C)=CSC=1NC1C=CC(=C(C)C=1)C,0.664
MCULE-4243948037-0,CCCC(NC1=CC=C(C2=C(C)SC(NC3=NC=CC=C3)=N2)C=C1)=O,0.663
MCULE-3810510785-0,C1(SC=C(C2=CC=C(C=C2)OC(C)=O)N=1)NC1=CC=C(C=N1)Cl,0.663
MCULE-7773801979-0,[Cl-].C1(SC(=C(C2C=CC=CC=2)N=1)C1C=CC=CC=1)[NH2+]C1=CC=CC=N1,0.663
MCULE-8737683849-0,CC(NC(C)=O)CCC1=CC=C(C2N=C(NC3=NC=CC=C3)SC=2)C=C1.Cl,0.663
MCULE-7476918547-0,Br.CC1=CC=C(C2N=C(NC3=CC(C)=CC=C3)SC=2)C=C1,0.662
MCULE-2216751225-0,COC(C1C(C)=C(C2=C(C)SC(NC3=NC=CC=C3)=N2)NC=1C)=O,0.662
MCULE-5938057859-0,C1(NC2C=CC(Cl)=CN=2)SC(=C(C2C=CC(=CC=2)Br)N=1)C,0.661
MCULE-7701969054-0,C1(SC=C(C2=CC=CS2)N=1)NC1C(=CC=CN=1)C,0.661
MCULE-7720074373-0,CC1NC(C)=C(C2N=C(NC3=NC=CC=C3)SC=2)C=1,0.661
MCULE-5321716305-0,CC1SC(C2N=C(NC3=NC=CC=C3)SC=2)=CC=1,0.661
MCULE-4778388347-0,C1(SC=C(C2C=CC=C(OC)C=2)N=1)NC1=CC=C(C=N1)Br,0.661
MCULE-4769056758-0,COC1=CC(OC)=C(C2N=C(NC3=NC=CC=C3)SC=2)C=C1.Cl,0.661
MCULE-1900975898-0,N1C(C2=CC=C(C=C2)C)=CSC=1NC1C=CC(=C(C)C=1)C.Br,0.660
MCULE-5339157027-0,N1C(C2=CC=CC=C2)=CSC=1NC1=CC(C)=CC=C1C,0.660
MCULE-5849791484-0,N1C(C2=CC=NC=C2)=CSC=1NC1C=CC(=CC=1)C,0.660
MCULE-5978486347-0,C1(=C(C)N=C2N=CC=CN21)C1=CSC(NC2C=CC=CN=2)=N1,0.659
MCULE-7438404474-0,CCCC(NC1=CC=C(C2=C(C)SC(NC3=NC=CC=C3)=N2)C=C1)=O.Cl,0.659
MCULE-5206310945-0,CC1=C(C2=C(F)C=C(F)C=C2)N=C(NC2=NC=CC=C2)S1,0.659
MCULE-2332640976-0,COC(C1C(C)=C(C2=C(C)SC(NC3=NC=CC=C3)=N2)NC=1C)=O.Cl,0.658
MCULE-2338595213-0,N1C(C2=CC=NC=C2)=CSC=1NC1C=CC=C(C=1)C(F)(F)F,0.658
MCULE-5682598027-0,CC1SC(C2N=C(NC3=NC=CC=C3)SC=2)=CC=1.Cl,0.657
MCULE-9734095681-0,CC1NC(C)=C(C2N=C(NC3=NC=CC=C3)SC=2)C=1.Cl,0.657
MCULE-8528199413-0,N1C(C2=CC=C(C=C2)C2C=CC=CC=2)=CSC=1NC1=CC=C(C(C)=C1)C,0.655
MCULE-3856100019-1,CC1=C(C)C(NC2SC=C(C3=CC=CC=C3)N=2)=CC=C1,0.655
MCULE-4278229380-0,N1C(C2=CC=C(C=C2)C)=CSC=1NC1=CC(C)=CC=C1C,0.655
MCULE-1346522311-0,N1=C(N)SC=C1C1=CC=CC(=N1)C1=CSC(N)=N1,0.655
MCULE-7962925770-0,N1C(C2C=CN=CC=2)=CSC=1NC1C=CC=CC=1,0.655
MCULE-8942755581-0,C1(SC=C(C2=CC=C(C(OC)=C2)OC)N=1)NC1=CC=C(C=N1)F,0.655
MCULE-6214988127-0,CC1=C(C2=C(F)C=C(F)C=C2)N=C(NC2=NC=CC=C2)S1.Cl,0.655
MCULE-6058301821-0,N1C(C2C=CC=CN=2)=CSC=1NC(NCC)=O,0.655
MCULE-7676719176-0,N1C(=CSC=1NC1=CC=CC(C)=N1)C1=CC=C(C)O1,0.654
MCULE-7123456700-0,C1(NC2C=CC(C)=CN=2)SC(=C(C2=CC=C(F)C(C)=C2)N=1)C,0.653
MCULE-6672965973-0,N1C(C2=CC=NC=C2)=CSC=1NC1C=CC=CC=1C,0.653
MCULE-9483259231-0,N1C(=CSC=1NC1=CC=C(Cl)C=N1)C1=CC=CS1,0.651
MCULE-3294114109-0,CC1SC(C)=C(C2N=C(NC3=NC=CC=C3)SC=2)C=1,0.651
MCULE-2006452618-0,N1C(C2=CC=C(C=C2)C)=CSC=1NC1C=CC=C(C)C=1C,0.651
MCULE-2474000647-0,N1C(C2=CC=C(C=C2)C2C=CC=CC=2)=CSC=1NC1=CC=C(C(C)=C1)C.Br,0.651
MCULE-4368163276-0,CC1=CC=C(C(NC2SC=C(C3=NC=CC=C3)N=2)=O)C=C1,0.651
MCULE-5782033271-0,C1(SC=C(C2C=CC=CN=2)N=1)NC(=O)NC(C)C,0.651
MCULE-4684376672-0,C1(SC=C(C2C=CC=CN=2)N=1)NC(=O)NC(C)(C)C,0.651
MCULE-9253617134-0,N1C(C2C=CC=CC=2)=CSC=1NC1=CC=C(C=C1)C,0.650
MCULE-9171411437-0,C1(C(O)=O)SC(=NC=1C1C=CC=CC=1)NC1C=CC=CN=1,0.650
MCULE-6882051843-0,N1C(C2C=CN=CC=2)=CSC=1NC1=CC=CC(=C1)C(O)=O,0.650
MCULE-1867547053-0,N1=C(SC=C1C1=CC(C)=CS1)NC1=CC=CC=N1,0.649
MCULE-2638808492-0,C1(SC=C(C2C=CC=CN=2)N=1)NC(C1=CC=CC=C1)=O,0.649
MCULE-4505761362-0,N1C(C2=CC=CC=N2)=CSC=1NC1=CC=CC(=C1)OC(=O)C1CC1,0.648
MCULE-4228730767-0,C1(SC=C(C2=CC=C(C=C2)Cl)N=1)NC1=C(Cl)C=C(C=N1)C(F)(F)F,0.648
MCULE-4785672529-0,N1C(C2=CC=CC=C2)=CSC=1NC1C=CC=CC=1,0.648
MCULE-5983844438-0,CC1SC(C)=C(C2N=C(NC3=NC=CC=C3)SC=2)C=1.Cl,0.647
MCULE-8675848632-0,N1C(C2=CC=CC=C2)=CSC=1NC1C=CC=NC=1,0.647
MCULE-9841273836-0,C1(SC=C(C2C=COC=2)N=1)NC1=CC=CC=N1,0.647
MCULE-6808513251-0,ClC1=CN=C(C2N=C(NCC3=CC=CC=C3)SC=2)C=C1,0.647
MCULE-8015093300-0,N1C(C2=CC=CC=N2)=CSC=1NC(CCCC)=O,0.647
MCULE-2007083452-0,N1C(C2=CC=C(C=C2)C2C=CC=CC=2)=CSC=1NC1=CC(C)=CC=C1C,0.647
MCULE-5410711768-0,N1C(C2=CC=NC=C2)=CSC=1NC1=CC=C(C=C1)N(C)C,0.646
MCULE-6270388342-0,N1C(C2C=CN=CC=2)=CSC=1NC1=CC=C(C=C1)N,0.646
MCULE-1621768035-0,CC1=CC=C(NC2SC=C(C3=CC=CC=C3)N=2)C=C1.Br,0.646
MCULE-8690388772-0,N1C(C2C=CC3C(=CC=CC=3)C=2)=CSC=1NC1C=CC(=CC=1)C,0.646
MCULE-6784166991-0,N1=C(SC=C1C1=CC(C)=CS1)NC1=CC=CC=N1.Cl,0.646
MCULE-4890343978-0,O=C(C1=CC2=C(C=CC=C2)C=C1)NC1SC=C(C2=NC=CC=C2)N=1,0.645
MCULE-2996700207-0,C1(SC=C(C2=CC=CC=N2)N=1)NC(=O)C1CC1,0.645
MCULE-7873434866-0,C1OCCN(C2SC=C(C3=NC=CC=C3)N=2)C1,0.644
MCULE-9400929947-0,N1C(C2C=CC=CN=2)=CSC=1NC(CC)=O,0.644
MCULE-2388759224-0,C1(=C(C)N=C2SC=CN21)C1=CSC(NC2=CC(C)=CC=N2)=N1,0.644
MCULE-3352069093-0,C1(=CSC(N)=N1)C1N=CC=C2C=CC=CC=12,0.644
MCULE-4360170565-0,NC1SC=C(C2=NC3=C(C=CC=C3)C=C2)N=1,0.644
MCULE-8068724312-0,N1C(C2C=CC3=C(C=CC=C3)C=2)=CSC=1NC1=CC=CC2C=CC=CC1=2,0.643
MCULE-8049532259-0,N1=C(NC2C=CC=CC=2)SC=C1C1C=CC=C2C=CC=CC=12,0.643
MCULE-9525058127-0,N1C(C2C=CC(=CC=2)C)=CSC=1NC1C=CC=CC=1,0.643
MCULE-4939076137-0,O=C(C1=CC=C(C2=CC=CC=C2)C=C1)NC1SC=C(C2=NC=CC=C2)N=1,0.643
MCULE-3040124575-0,C1(SC=C(C2C=COC=2)N=1)NC1=CC=CC=N1.Cl,0.643
MCULE-3901636378-0,N1C(C2C=CN=CC=2)=CSC=1NC1C=CC(=CC=1)C(F)(F)F,0.643
MCULE-9792175667-0,O=C(C1CCC1)NC1SC=C(C2=NC=CC=C2)N=1,0.643
MCULE-1657737250-0,C1(=CSC(NC2=CN=CC=C2)=N1)C1C=CC(C)=CC=1,0.643
MCULE-9961160488-0,N1C(C2C=CC3C(=CC=CC=3)C=2)=CSC=1NC1C=CC=NC=1,0.643
MCULE-9733975971-0,C1(SC(=C(C2=CC=C(F)C(C)=C2)N=1)C)NC1C(=CC=CN=1)C,0.642
MCULE-6890496201-0,N1C(C2C=CC(=C(C)C=2)C)=CSC=1NC1C=CC(=C(C)C=1)C,0.642
MCULE-8563229285-0,N1C(C2=CC=CC=C2)=CSC=1NC1=CC=CC(=C1)C(F)(F)F,0.642
MCULE-1802876093-0,C1(SC=C(C2=CC=C(C(OC)=C2)OC)N=1)NC1=CC=C(C=N1)Br,0.642
MCULE-6555785142-0,N1C(C2C=CN=CC=2)=CSC=1NC1C=CC(=CC=1)N(C)C.Br,0.642
MCULE-2242479899-0,N1C(C2=CC=C(C=C2)N)=CSC=1NC1=CC=CN=C1,0.641
MCULE-5606612529-0,N1C(C2C=CN=CC=2)=CSC=1NC1C=CC(=CC=1C)C,0.641
MCULE-9290004134-0,CC(NCCC1=C(F)C=C(C2N=C(NC3=NC=CC=C3)SC=2)C=C1)=O,0.640
MCULE-7168548586-0,C1OCCN(C2SC=C(C3=NC=CC=C3)N=2)C1.Cl,0.640
MCULE-7371980928-0,N1=C(NCCC2=CC=CC=C2)SC=C1C1=CC=CC=N1,0.640
MCULE-1527287551-0,N1C(C2C=CC(=C(C)C=2)C)=CSC=1NC1C=CC=C(C)C=1,0.640
MCULE-7756431226-0,NC1SC=C(C2=NC3=C(C=CC=C3)C=C2)N=1.Br,0.639
MCULE-7592150291-0,C1(=NC(=CS1)C)NC1C=CC(=CN=1)F,0.639
MCULE-8517662256-0,N1C(C2=CC=CC=C2)=CSC=1NC1C=CC(=CC=1)N(C)C,0.639
MCULE-2381491142-0,CC1=CC=C(C2N=C(NC3=C4C(C=CC=C4)=CC=C3)SC=2)C=C1,0.639
MCULE-5049449341-0,CSC1=C(NC(C)=O)C=CC(C2N=C(NC3=NC=CC=C3)SC=2)=C1,0.639
MCULE-1105455212-0,N1C(C2=CC=CC=C2)=CSC=1NC1C=CC(=CC=1)N,0.639
MCULE-7899081827-0,C1(SC=C(C2=CC=C(C)S2)N=1)NC1=C(C=CC=N1)C,0.639
MCULE-7122283836-0,N1C(C2C=CN=CC=2)=CSC=1NC1=CC=C(C=C1)C(O)=O,0.639
MCULE-6427361373-0,C1(SC=C(C2C=CC3=C(OCO3)C=2)N=1)NC1=CC=CC=N1,0.638
MCULE-6188540304-0,N1C(C2=CC=CC=C2)=CSC=1NC1=CC=CC(=C1)C(F)(F)F.Br,0.638
MCULE-6334742598-0,N1C(C2C=CC3=C(C=CC=C3)C=2)=CSC=1NC1=CC=CC(=C1)C(F)(F)F,0.638
MCULE-1979217071-0,N1C(C2C=CC(=CC=2)C)=CSC=1NC1=CC=CC(=C1)C(F)(F)F,0.638
MCULE-7209939192-0,N1C(C2C=CC(=C(C)C=2)C)=CSC=1NC1C=CC(=C(C)C=1)C.Br,0.638
MCULE-6482720879-0,CCC1=CC=C(C(NC2SC=C(C3=NC=CC=C3)N=2)=O)C=C1,0.638
MCULE-9611035041-0,FC(C1=CC=C(C(NC2SC=C(C3=NC=CC=C3)N=2)=O)C=C1)(F)F,0.638
MCULE-7056027592-0,N1C(C2C=CC=CC=2)=CSC=1NC1=CC=CC=C1C,0.637
MCULE-4536282363-0,N1C(C2C=CC(=CC=2)C2=CC=CC=C2)=CSC=1NC1C=CC(=CC=1)C,0.637
MCULE-1034942510-0,CC(NCCC1=C(F)C=C(C2N=C(NC3=NC=CC=C3)SC=2)C=C1)=O.Cl,0.637
MCULE-7780248951-0,N1=C(NCCC2=CC=CC=C2)SC=C1C1=CC=CC=N1.Cl,0.636
MCULE-9635751416-0,N1C(C2=CC=CC=C2)=CSC=1NC1C=CC=C(C=1)C(O)=O,0.636
MCULE-6949034250-0,N1C(C2C=CC(=C(C)C=2)C)=CSC=1NC1C=CC=C(C)C=1.Cl[H],0.636
MCULE-2217499589-0,C1(NC2C=CC(Cl)=CN=2)SC(=C(C2=CC=C(F)C(C)=C2)N=1)C,0.635
MCULE-2742695155-0,CC(NC1=CC(C(NC2SC=C(C3=NC=CC=C3)N=2)=O)=CC=C1)=O,0.635
MCULE-5142600109-0,Cl.C1(SC=C(C2=CC=C(C)S2)N=1)NC1=C(C=CC=N1)C,0.635
MCULE-3120264704-0,C1(SC=C(C2C=CC=C(C=2)N2C=NN=N2)N=1)NC1=CC=CC=N1,0.635
MCULE-3136205484-0,N1C(C2C=CC=CN=2)=CSC=1NC(NCCC)=O,0.635
MCULE-1579198934-0,O=C(C1CCCC1)NC1SC=C(C2=NC=CC=C2)N=1,0.635
MCULE-5396801295-0,N1C(C2=CC=CN=C2)=CSC=1NC1=CC=CC(C)=C1,0.635
MCULE-4476780498-0,N1C(C2=CC=NC=C2)=CSC=1NC1C=CC=C(C(C)=O)C=1,0.635
MCULE-2136628380-0,C1(SC=C(C2=CC=NC=C2)N=1)NC1N=CC=CN=1,0.635
MCULE-1856336756-0,C1(=NC(=CS1)C)NC1C=CC(=CN=1)F.Cl,0.635
MCULE-8394751529-0,N#CC1=CC=C(C2N=C(NC3=CC=CC=C3)SC=2)C=C1,0.635
MCULE-1641729762-0,N1C(C2C=CC(=CC=2)C)=CSC=1NC1C=CC(=CC=1)N(C)C,0.634
MCULE-5018655607-0,N1C(C2=CC=C3C(C=CC=C3)=C2)=CSC=1NC1=CC=C(C=C1)N,0.634
MCULE-2630598009-0,N1C(C2=CC=C(C=C2)C2C=CC=CC=2)=CSC=1NC1C=CC=CC=1,0.634
MCULE-6019886272-0,N1C(C2C=CC(C)=CC=2)=CSC=1NC1=CC=C(C=C1)N,0.634
MCULE-6194124869-0,Br.N1C(C2=CC=CC=C2)=CSC=1NC1C=CC(=CC=1)N,0.634
MCULE-4657330414-0,N1C(C2C=CC(=CC=2)N(=O)=O)=CSC=1NC1C=CC=C(C)C=1,0.634
MCULE-5737932714-0,Br.N1C(C2C=CC3=C(C=CC=C3)C=2)=CSC=1NC1=CC=CC(=C1)C(F)(F)F,0.634
MCULE-6105496651-0,N1C(C2C=CC(=CC=2)C)=CSC=1NC1=CC=CC(=C1)C(F)(F)F.Br,0.634
MCULE-3506953701-0,N1C(C2=CC=NC=C2)=CSC=1NC1C=CC(=CC=1)CC,0.634
MCULE-7502761819-0,C1(SC=C(C2C=CC=CN=2)N=1)NC(=O)C1=CC=CC(C)=C1,0.634
MCULE-2406534110-0,CC1=CC(C(NC2SC=C(C3=NC=CC=C3)N=2)=O)=CC(C)=C1,0.634
MCULE-2908354218-0,N1=C(N(C)C)SC=C1C1=C(Cl)C=C(C=N1)C(F)(F)F,0.634
MCULE-1167139466-0,C1(=CSC(NC)=N1)C1=C(Cl)C=C(C=N1)C(F)(F)F,0.634
MCULE-6147959682-0,N1C(C2=CC=CN=C2)=CSC=1NC1C=CC(=C(C)C=1)C,0.634
MCULE-9302645042-0,N1C(C2C=CN=CC=2)=CSC=1NC1C=CC=C(N)C=1,0.633
MCULE-3165306380-0,CC1N(C)C(C)=C(C2N=C(NC3=NC=CC=C3)SC=2)C=1,0.633
MCULE-8235172674-0,N1C(=CSC=1NC1=CC=C(C=N1)F)C1=CC(OC)=CC=C1OC,0.633
MCULE-5203537867-0,N1C(C2C=CC3C(=CC=CC=3)C=2)=CSC=1NC1=CC=CC=C1C,0.633
MCULE-8924930818-0,Br.N1C(C2C=CC(=CC=2)C2=CC=CC=C2)=CSC=1NC1C=CC(=CC=1)C,0.633
MCULE-6123107901-0,N1C(C2C=CC(=CC=2)C)=CSC=1NC1C=CC=CC=1C,0.633
MCULE-4792418552-0,N1C(C2=CC=C3C(C=CC=C3)=C2)=CSC=1NC1C=CC=C(C=1)C(O)=O,0.632
MCULE-6269705337-0,N1C(C2C=CC=CC=2)=CSC=1NC1C=CC=C(C=1)C(O)=O.Br,0.632
MCULE-4951878705-0,N1C(C2=CC=C(C=C2)C)=CSC=1NC1=CC=CC(=C1)C(O)=O,0.632
MCULE-5804005763-0,C1(SC=C(C2=CC=CC=N2)N=1)NC(=O)C1C=CC(=CC=1)C#N,0.632
MCULE-1492604904-0,C1(SC=C(C2C=CC=C(C=2)N2C=NN=N2)N=1)NC1=CC=CC=N1.Cl,0.632
MCULE-8444574018-0,N1C(C2C=CC(=CC=2)F)=CSC=1NC1C=CC=C(C)C=1,0.632
MCULE-8249925228-0,N1C(C2C=CC(=CC=2)O)=CSC=1NC1C=CC=C(C)C=1,0.632
MCULE-9422222334-0,N1C(C2C=CC(=CC=2)Cl)=CSC=1NC1=CC=CC(C)=C1,0.632
MCULE-6724769373-0,N1C(=CSC=1NC1C=CC=C(C)C=1)C1=CC=C(C=C1C)C,0.632
MCULE-4559891242-0,O=C(NC1SC=C(C2=NC=CC=C2)N=1)CCC1CCCC1,0.632
MCULE-7904950519-0,O=C(NC1SC=C(C2=NC=CC=C2)N=1)CC12CC3CC(C1)CC(C3)C2,0.632
MCULE-3477175677-0,CC(C1CCC(C(NC2SC=C(C3=NC=CC=C3)N=2)=O)CC1)(C)C,0.632
MCULE-8958341868-0,N1C(C2C=CC(=CC=2)Br)=CSC=1NC1=CC=CC(C)=C1,0.632
MCULE-7024712754-0,N1C(=CSC=1NC1=CC=C(C=N1)Br)C1=CC=CS1,0.631
MCULE-3464029455-0,C(C1=CC=CC=C1)NC1SC=C(C2NC=CC=2)N=1,0.631
MCULE-9605950328-0,C1(SC=C(C2=CC=NC=C2)N=1)NC1N=CC=CN=1.Br,0.631
MCULE-1289803245-0,C1(SC=C(C2C=COC=2)N=1)NC1=C(C=CC=N1)C,0.631
MCULE-3734174976-0,N1C(C2=CC=CC=N2)=CSC=1NC(=O)CCN(C)C1C=CC=C(C)C=1,0.631
MCULE-7785466375-0,N1C(C2=CC=NC=C2)=CSC=1NC1C=CC=CC=1CC,0.631
MCULE-9921213424-0,[NH+]1C(C2C=CC(C3=CC=CC=C3)=CC=2)=CSC=1NC1=CC=CC=C1.[Br-],0.630
MCULE-9079992367-0,S1C=C(C2C=CC=CC=2)N=C1N(C1C=CC=CC=1)C1C=CC=CC=1,0.630
MCULE-8121789809-0,N1C(C2C=CC(=CC=2)F)=CSC=1NC1C=CC(=C(C)C=1)C,0.630
MCULE-4841282128-0,N1C(C2C=CC(=CC=2)Cl)=CSC=1NC1C=CC(=C(C)C=1)C,0.630
MCULE-4859519677-0,N1C(C2=CC=C(C=C2)N(=O)=O)=CSC=1NC1C=CC=C(C)C=1.Br,0.630
MCULE-7234521656-0,N1C(C2=CC=C(C=C2)Br)=CSC=1NC1=CC=C(C(C)=C1)C,0.630
MCULE-6629126646-0,N1C(C2C=CC(=CC=2)C2=CC=CC=C2)=CSC=1NC1=CC=CC(=C1)C(F)(F)F,0.630
MCULE-3167477986-0,C1(=CSC(C)=C1C)C1=CSC(NC2=C(C=CC=N2)C)=N1,0.630
MCULE-4334794838-0,Cl.CC1N(C)C(C)=C(C2N=C(NC3=NC=CC=C3)SC=2)C=1,0.630
MCULE-6592665832-0,N1=C(NN)SC=C1C1C=CC=CN=1,0.629
MCULE-2023954358-0,C1(SC=C(C2=CC(C)=CS2)N=1)NC1=C(C=CC=N1)C,0.628
MCULE-1955598956-0,N1C(C2C=CC(=CC=2)CC)=CSC=1NC1C=CC=CC=1,0.628
MCULE-5045054173-0,N1C(C2C=CC=CC=2)=CSC=1NC1=C(C)C=CC=C1C,0.628
MCULE-6416901369-0,N1C(C2=CC=C(C=C2)C(C)(C)C)=CSC=1NC1C=CC=CC=1,0.628
MCULE-4415114247-0,N1C(C2=CC=CC=N2)=CSC=1NC(NCC=C)=O,0.628
MCULE-4430884640-0,O=C(NC1SC=C(C2=NC=CC=C2)N=1)CC1C2CC(CC2)C1,0.628
MCULE-6926685536-0,N1C(=CSC=1NC1C=CC=C(C)C=1)C1=CC=C(C=C1C)C.Cl,0.627
MCULE-7709849863-0,Br.N1C(C2C=CC(=CC=2)Cl)=CSC=1NC1C=CC=C(C)C=1,0.627
MCULE-1927386133-0,C1(SC=C(C2C=COC=2)N=1)NC1=C(C=CC=N1)C.Cl,0.627
MCULE-6898163638-0,CC1=CC(C)=C(NC2SC=C(C3=CC4=C(C=CC=C4)C=C3)N=2)C=C1,0.627
MCULE-9468487363-0,Cl.C1(=CSC(C)=C1C)C1=CSC(NC2=C(C=CC=N2)C)=N1,0.626
MCULE-5761350027-0,N(C1=NC=CC=C1)C1SC=C(C2OC3=C(C=CC=C3)C=2)N=1,0.626
MCULE-1762242494-0,O=C(C1CC1)NC1=CC=C(C(NC2SC=C(C3=NC=CC=C3)N=2)=O)C=C1,0.626
MCULE-9835109924-0,CCN1C(C)=C(C2N=C(NC3=NC=CC=C3)SC=2)C=C1C,0.626
MCULE-8873812419-0,ClC1SC(C2N=C(NC3=NC=CC=C3)SC=2)=CC=1,0.626
MCULE-7805590853-0,N1(CCCC1=O)C1=CC(=CC=N1)CNC(=O)NC1SC=C(C2C=CC=CN=2)N=1,0.626
MCULE-1167794445-0,C1(NC2C=CC=C(N)C=2)SC=C(C2C=CC=CC=2)N=1,0.626
MCULE-5215780703-0,N1C(C2C=CC(=CC=2)I)=CSC=1NC1C=CC(=C(C)C=1)C,0.626
MCULE-5290245176-0,Br.N1C(C2C=CC(=CC=2)C2=CC=CC=C2)=CSC=1NC1=CC=CC(=C1)C(F)(F)F,0.626
MCULE-7121115662-0,N1C(C2=CC=C(C=C2)Cl)=CSC=1NC1=CC=C(C(C)=C1)C.Br,0.626
MCULE-2210549610-0,N1C(C2=CC=C(C=C2)N(=O)=O)=CSC=1NC1=CC=C(C(C)=C1)C,0.626
MCULE-4579294568-0,N1C(C2C=CC(=CC=2)F)=CSC=1NC1C=CC(=C(C)C=1)C.Br,0.626
MCULE-8850531500-0,N1C(C2=CC=CN=C2)=CSC=1NC1C=C(C)C=CC=1C,0.626
MCULE-2426638067-0,ClC1SC(Cl)=C(C2N=C(NC3=NC=CC=C3)SC=2)C=1,0.626
MCULE-5451693474-0,ClC1SC(Cl)=C(C2N=C(NC3=NC=CC=C3)SC=2)C=1.Cl,0.626
MCULE-8704598780-0,C1(SC=C(C2C=CC=CC=2)N=1)NC1N=C(C)C=C(C)N=1,0.625
MCULE-7556294438-0,C1(SC=C(C2=CC(C)=CS2)N=1)NC1=C(C=CC=N1)C.Cl,0.625
MCULE-2261363621-0,N1=C(N)SC=C1C1=CC=CC(C(O)=O)=N1,0.625
MCULE-4856009031-0,CC1=C(C)C(C(NC2SC=C(C3=NC=CC=C3)N=2)=O)=CC=C1,0.625
MCULE-2667814503-0,N1C(C2=CC=NC=C2)=CSC=1NC1C=CC=CC=1C(F)(F)F,0.625
MCULE-7922979763-0,N1C(C2=CC=NC=C2)=CSC=1NC1=CC=C(C=C1)F,0.625
MCULE-7155792739-0,N1C(C2C=CN=CC=2)=CSC=1NC1=CC=C(C=C1)Br,0.625
MCULE-4968252761-0,C1(SC=C(C2C=CC3=C(OCO3)C=2)N=1)NC1=CC=C(C=N1)C,0.625
MCULE-8884332417-0,N1C(C2C=CN=CC=2)=CSC=1NC1C=CC(=CC=1)N(CC)CC,0.625
MCULE-2758676689-0,N1C(C2C=CC=CC=2)=CSC=1NC1C=CC(=CC=1)C(O)=O,0.625
MCULE-1215879957-0,N1=C(N)SC=C1C1C=CC=C(Br)N=1,0.625
MCULE-4759464017-0,FC(OC1=CC(OC(F)F)=C(C2N=C(NC3=NC=CC=C3)SC=2)C=C1)F,0.624
MCULE-3706910024-0,NC1CC(C(NC2SC=C(C3C=CC=CN=3)N=2)=O)CCC1,0.624
MCULE-7206042754-0,CC1=CC(NC2SC=C(C3=CC=C(N(=O)=O)C=C3)N=2)=C(C)C=C1,0.624
MCULE-7732212849-0,CC1=CC(NC2SC=C(C3=CC=C(NS(C)(=O)=O)C=C3)N=2)=CC=C1,0.624
MCULE-4246329831-0,N1C(C2=CC=NC=C2)=CSC=1NC1C=CC(=CC=1)C(C)=O,0.624
MCULE-3455401585-0,N1C(C2C=CC(=C(O)C=2)O)=CSC=1NC1=CC=CC(C)=C1,0.624
MCULE-7802027317-0,N1C(C2C=CC(=CC=2)C(C)(C)C)=CSC=1NC1C=CC=C2C=CC=CC=12,0.624
MCULE-8927800624-0,CC1=CC=C(C2N=C(NC3=C(C)C=CC=C3C)SC=2)C=C1,0.624
MCULE-8301502120-0,N1C(C2C=CC(=CC=2)CC)=CSC=1NC1=CC=CC2C=CC=CC1=2,0.624
MCULE-1448255965-0,N1C(C2C=CC(=CC=2)C(C)(C)C)=CSC=1NC1=CC=C2C(C=CC=C2)=C1,0.624
MCULE-2282589935-0,C1(=CC2C=CC=CC=2OC1=O)C1=CSC(NC2=CC(C)=CC=N2)=N1,0.624
MCULE-3886824287-0,C1(SC=C(C2C=CC=C(C=2)N2C=NN=N2)N=1)NC1=C(C=CC=N1)C,0.624
MCULE-5988109906-0,CC(CNC(C1=CC=C(C(NC2SC=C(C3=NC=CC=C3)N=2)=O)C=C1)=O)(C)C,0.624
MCULE-4943465778-0,C1(SC=C(C2=CC=CC=N2)N=1)NC(=O)C1=CC=C(C=C1)C(C1=CC=CC=C1)=O,0.624
MCULE-8096744121-0,N1C(C2C=CN=CC=2)=CSC=1NC1C=CC=NC=1,0.623
MCULE-1430567258-0,CC1=CC(NC2SC=C(C3=CC=C(Br)C=C3)N=2)=CC(C)=C1,0.623
MCULE-2230293330-0,CC1=CC(NC2SC=C(C3=CC=C(F)C=C3)N=2)=CC(C)=C1,0.623
MCULE-3991682757-0,CCN1C(C)=C(C2N=C(NC3=NC=CC=C3)SC=2)C=C1C.Cl,0.623
MCULE-9304864662-0,ClC1SC(C2N=C(NC3=NC=CC=C3)SC=2)=CC=1.Br,0.623
MCULE-3750422489-0,CCCN1C(C)=C(C2N=C(NC3N=CC=CC=3)SC=2)C=C1C,0.623
MCULE-4091050050-0,N1C(C2C=CN=CC=2)=CSC=1NC1C=CC(=CC=1C)O,0.623
MCULE-2720008538-0,N1C(C2C=CC(=C(O)C=2)O)=CSC=1NC1=CC=C(C(C)=C1)C,0.623
MCULE-2333622481-0,N1C(C2=CC=CC=C2)=CSC=1NC1C=CC=C(C(C)=O)C=1,0.622
MCULE-3886079717-0,N1C(C2=CC=C(C=C2)NC(C)=O)=CSC=1NC1C=CC=C(C)C=1,0.622
MCULE-7947449826-0,N1C(C2=CC=C(C=C2)Cl)=CSC=1NC1C=C(C)C=CC=1C,0.622
MCULE-2652485495-0,N1C(C2=CC=C3C=CC=CC3=C2)=CSC=1NC1C=C(C=C(C=1)C(F)(F)F)C(F)(F)F,0.622
MCULE-7683932818-0,Br.N1C(C2=CC=C(C=C2)N(=O)=O)=CSC=1NC1=CC=C(C(C)=C1)C,0.622
MCULE-9025089208-0,N1C(C2C=CC(=CC=2)I)=CSC=1NC1C=CC(=C(C)C=1)C.Br,0.622
MCULE-3800073206-0,N1C(C2=CC=NC=C2)=CSC=1NC1C=CC=CC=1Cl,0.622
MCULE-6443543742-0,C1(SC=C(C2C=CC(=CC=2)C)N=1)NC1=NC=CC=N1,0.622
MCULE-1869723613-0,C1(SC=C(C2=CC=CC=N2)N=1)NC(=O)NC1CCCC1,0.621
MCULE-2161862246-0,C1(SC=C(C2=CC=CC=N2)N=1)NC(=O)NC1=CC=CS1,0.621
MCULE-1834394182-0,C1(SC=C(C2C=CC=CN=2)N=1)NC(=O)C1C=CC(=CC=1)Cl,0.621
MCULE-5732228146-0,CC(C(NC1SC=C(C2=NC=CC=C2)N=1)=O)N,0.621
MCULE-1514450186-0,N1C(C2=CC=NC=C2)=CSC=1NC1=CC=C(C=C1)F.Cl,0.621
MCULE-1091922846-0,N1C(C2=CC=C(C=C2)C)=CSC=1NC1C=CC(=CC=1)C(O)=O,0.621
MCULE-3164497135-0,C1(N(C)C2=CC=C(C=C2)O)SC=C(C2C=CN=CC=2)N=1,0.621
MCULE-8554290334-0,Br.N1C(C2C=CN=CC=2)=CSC=1NC1C=CC(=CC=1)N(CC)CC,0.621
MCULE-4812426682-0,C1OC2=C(C=C(C3N=C(NC4=NC=CC=C4)SC=3)C=C2)OC1,0.621
MCULE-5227919308-0,N1C(C2=CC=CC=N2)=CSC=1NC(NCCOC)=O,0.621
MCULE-4734417972-0,C1(SC=C(C2C=CC=C(C=2)N2C=NN=N2)N=1)NC1=C(C=CC=N1)C.Cl,0.620
MCULE-5919941913-0,N1C(C2C=CC(=CC=2)N(=O)=O)=CSC=1NC1C=CC=C(C)C=1C,0.620
MCULE-2488819929-0,N1C(C2=CC=NC=C2)=CSC=1NC1C=CC(=C(Cl)C=1)C,0.620
MCULE-9647067259-0,O=C(C1=CN=CC=C1)NC1SC=C(C2=NC=CC=C2)N=1,0.620
MCULE-7371750203-0,N1C(C2C=CC(=CC=2)C(C)(C)C)=CSC=1NC1=CC=C2C(C=CC=C2)=C1.Br,0.620
MCULE-2761844724-0,Br.N1C(C2C=CC(=CC=2)CC)=CSC=1NC1=CC=CC2C=CC=CC1=2,0.620
MCULE-4180774980-0,N1C(C2C=CC(=C(C)C=2)C)=CSC=1NC1=CC=C(C=C1)C,0.620
MCULE-2707942219-0,N1C(C2C=CC(=CC=2)C)=CSC=1NC1C=CC(=CC=1)CC,0.620
MCULE-9773745119-0,O=C(C1=CN=C(NC2CC2)C=C1)NC1SC=C(C2=NC=CC=C2)N=1,0.620
MCULE-8474536504-0,CCCN1C(C)=C(C2N=C(NC3N=CC=CC=3)SC=2)C=C1C.Cl,0.620
MCULE-1016300513-0,C1(=C(C)N=C2C=C(C)C=CN12)C1=CSC(NC2=CC=CC(C)=C2)=N1,0.620
MCULE-7210780009-0,CC1N(C2CC2)C(C)=C(C2N=C(NC3=NC=CC=C3)SC=2)C=1,0.620
MCULE-1103417464-0,N1=C(NC2=CC(C)=CC(C)=C2)SC=C1C1=CC(C)=CC=C1C,0.619
MCULE-1140691997-0,N1C(C2C=CC(=CC=2)CC(C)C)=CSC=1NC1=CC(C)=CC(C)=C1,0.619
MCULE-7808976813-0,C1(SC=C(C2C=CC=CC=2)N=1)NC1N=CC=CN=1,0.619
MCULE-8717563249-0,C1(SC=C(C2=CC=CC=N2)N=1)NC(=O)NC1C=CC=CC=1Cl,0.619
MCULE-2161912035-0,N1C(C2=CC=CN=C2)=CSC=1NC1C=CC(=CC=1)C,0.619
MCULE-5931393254-0,BrC1=CN=C(C2N=C(NCC3=CC=CC=C3)SC=2)C=C1,0.618
MCULE-7488381706-0,N1C(C2C=CC=CN=2)=CSC=1NC(CCC(O)=O)=O,0.618
MCULE-6292075569-0,N1C(C2C=CC(=CC=2)Cl)=CSC=1NC1C=CC(=CC=1)C,0.618
MCULE-3913416330-0,N1C(C2=CC=C(C=C2)C)=CSC=1NC1=CC=CC(C(C)=O)=C1,0.618
MCULE-7609537317-0,N1C(C2C=CC=CC=2)=CSC=1NC1C=CC=C(C(C)=O)C=1.Br,0.618
MCULE-3134342485-0,N1C(C2=CC=C3C(C=CC=C3)=C2)=CSC=1NC1C=CC=C(C(C)=O)C=1,0.618
MCULE-7261855664-0,N1C(C2C=CC(=CC=2)CC)=CSC=1NC1=CC=CC(=C1)C(F)(F)F,0.618
MCULE-1829820360-0,Br.N1C(C2=CC=C3C=CC=CC3=C2)=CSC=1NC1C=C(C=C(C=1)C(F)(F)F)C(F)(F)F,0.618
MCULE-8038473915-0,CC(C(NC1SC=C(C2=NC=CC=C2)N=1)=O)N.Cl.Cl,0.618
MCULE-2893727632-0,N1C(C2C=CC=CC=2)=CSC=1NC1=CC=C(C=C1)N(CC)CC,0.617
MCULE-2443107090-0,N1C(C2C=CC=CC=2)=CSC=1NC1=CC=C(C=C1)Br,0.617
MCULE-6259795554-0,N1C(C2C=CC=CC=2)=CSC=1NC1C=CC(=CC=1)F,0.617
MCULE-7407948820-0,CC1=C(C)C=C(C2N=C(NC3=CC=CC=C3)SC=2)C=C1,0.617
MCULE-7216684243-0,C1(=CSC(NC2=CN=CC=C2)=N1)C1C=CC(Cl)=CC=1,0.617
MCULE-5196083881-0,O=C(C1C2(CCNCC2)C1)NC1SC=C(C2C=CC=CN=2)N=1,0.617
MCULE-4378373511-0,N1C(C2C=CN=CC=2)=CSC=1NC1C=CC(=CC=1)N(=O)=O,0.617
MCULE-8217526245-0,N1C(C2C=CC(=CC=2)CC)=CSC=1NC1=CC=CC=C1CC,0.617
MCULE-1015572565-0,N1C(C2=CC=C(C=C2)C(C)C)=CSC=1NC1=CC=CC=C1CC,0.617
MCULE-2377959448-0,CC1=CC(NC2SC=C(C3C4=C(C=CC=C4)NC=3)N=2)=CC(C)=C1,0.617
MCULE-7791474107-0,CC1=CC(NC2SC=C(C3=CC4=C(NC(N4)=O)C=C3)N=2)=CC=C1,0.617
MCULE-9316785731-0,ClC1=CC(C(NC2SC=C(C3=NC=CC=C3)N=2)=O)=CC(Cl)=C1,0.617
MCULE-3013783905-0,FC(C1=C(C(NC2SC=C(C3=NC=CC=C3)N=2)=O)C=CC=C1)(F)F,0.617
MCULE-5692714797-0,N1=C(SC=C1C1=CC=C(C)O1)NC1=CC=C(C=N1)C,0.616
MCULE-6932651401-0,CC1N(C2CC2)C(C)=C(C2N=C(NC3=NC=CC=C3)SC=2)C=1.Cl,0.616
MCULE-3301800029-0,N1C(C2C=CC(=C(C)C=2)C)=CSC=1NC1C=CC(=CC=1)C.Cl,0.616
MCULE-7848369091-0,N1C(C2C=CC(=CC=2)C)=CSC=1NC1C=CC(=CC=1)Cl,0.616
MCULE-2775056065-0,Br.N1C(C2C=CC(=C(C)C=2)C)=CSC=1NC1=CC=C(C=C1)C,0.616
MCULE-3281472455-0,N1C(C2C=CC3=C(C=CC=C3)C=2)=CSC=1NC1C=CC(=CC=1)Cl,0.616
MCULE-5694400830-0,N1C(C2C=CC(=CC=2)Cl)=CSC=1NC1C=CC=CC=1,0.616
MCULE-3115167937-0,FC1=CC=C(C(NC2SC=C(C3=NC=CC=C3)N=2)=O)C=C1,0.616
MCULE-7602527925-0,BrC1=CC=C(C(NC2SC=C(C3=NC=CC=C3)N=2)=O)C=C1,0.616
MCULE-2241172563-0,C1(NC2=CC=CC(C)=C2)SC(=C(C2=CC=CC=C2)N=1)C,0.615
MCULE-2078248935-0,N1C(C2C=CC(=CC=2)CC(C)C)=CSC=1NC1=CC(C)=CC(C)=C1.Br,0.615
MCULE-3502280552-0,N1=C(NC2=CC(C)=CC(C)=C2)SC=C1C1=CC(C)=CC=C1C.Br,0.615
MCULE-2030569947-0,N1=C(NC(C)C)SC=C1C1C=C(O)C2C(=CC(=CC=2)OC)N=1,0.615
MCULE-5838269476-0,C1(C(O)=O)=CSC(NC2C=CC=C(C)N=2)=N1,0.615
MCULE-7140265140-0,N1C(C2=CC=NC=C2)=CSC=1NC1=CC=CC(Cl)=C1C,0.615
MCULE-9145868493-0,N1C(C2=CC=NC=C2)=CSC=1NC1=C(C)C=CC(Cl)=C1,0.615
MCULE-4477910814-0,N1C(C2C=CC(=C(O)C=2)O)=CSC=1NC1=CC(C)=CC=C1C,0.615
MCULE-5656636156-0,C1(SC=C(C2=CC=C3C(C=CC=C3)=C2)N=1)NC1N=CC=CN=1,0.615
MCULE-2283250243-0,FC(C1=CC(C(F)(F)F)=CC(C(NC2SC=C(C3=NC=CC=C3)N=2)=O)=C1)(F)F,0.615
MCULE-7774482253-0,CSCC1=CC=C(C(NC2SC=C(C3=NC=CC=C3)N=2)=O)C=C1,0.615
MCULE-1680743662-0,BrC1=C(C(NC2SC=C(C3=NC=CC=C3)N=2)=O)C=CC=C1,0.615
MCULE-1397987098-0,CN1N=CC(C2N=C(NC3=NC=CC=C3)SC=2)=C1,0.614
MCULE-2514234202-0,N1C(C2C=CC=CC=2)=CSC=1NC1=CC=CC=C1CC,0.614
MCULE-1539841398-0,Br.N1C(C2C=CC(=CC=2)Cl)=CSC=1NC1C=CC(C)=CC=1,0.614
MCULE-8552537806-0,C1(=CSC(NC2=CC=CC=C2Cl)=N1)C1C=CC=CC=1,0.614
MCULE-9752147825-0,N1C(=CSC=1NC1=CC=C(C=N1)Br)C1=CC(OC)=CC=C1OC,0.614
MCULE-2672624406-0,N1C(C2=CC=CN=C2)=CSC=1NC1C=CC=CC=1,0.614
MCULE-5742589945-0,N1C(C2C=CC(=CC=2)CC)=CSC=1NC1=CC=CC(=C1)C(F)(F)F.Br,0.614
MCULE-2651513041-0,[C@@]12(C)[C@@]([H])([C@H](C)CCC(=O)NC3SC=C(C4=CC=CC=N4)N=3)CC[C@@]1([H])[C@]1([C@@]([H])([C@@]3(C)CC[C@H](C[C@]3(CC1)[H])O)C[C@@H]2O)[H],0.614
MCULE-9799475889-0,CC(N1CCC(C(NC2SC=C(C3=NC=CC=C3)N=2)=O)CC1)=O,0.614
MCULE-3782419439-0,N1C(C2=CC=C(C=C2)C)=CSC=1NC1=CC=C(C=C1)F,0.613
MCULE-7614752843-0,N1C(C2=CC=C(C=C2)C)=CSC=1NC1=CC=C(C=C1)Br,0.613
MCULE-3771162563-0,N1C(C2C=CC(=C(C)C=2)C)=CSC=1NC1C=CC=C2C=CC=CC=12,0.613
MCULE-2073592931-0,N1C(C2C=CC=CC=2)=CSC=1NC1C=CC(=CC=1)F.Br,0.613
MCULE-5752406474-0,Br.N1C(C2C=CC=CC=2)=CSC=1NC1=CC=C(C=C1)N(CC)CC,0.613
MCULE-8207825780-0,N1C(C2C=CC3=C(C=CC=C3)C=2)=CSC=1NC1C=CC(=CC=1)F,0.613
MCULE-6136836699-0,N1C(C2=CC=C3C(C=CC=C3)=C2)=CSC=1NC1C=CC(=CC=1)Br,0.613
MCULE-3717118980-0,N1C(C2=CC=CC=C2)=CSC=1NC1=CC=C(C=C1)O,0.613
MCULE-1630475358-0,ClC1=C(Cl)C=C(C(NC2SC=C(C3=NC=CC=C3)N=2)=O)C=C1,0.613
MCULE-8658027892-0,C1(SC=C(C2=CC=CC=N2)N=1)NC(=O)C1=NC(C)=CC(C)=N1,0.613
MCULE-2810363859-0,N1C(C2C=CN=CC=2)=CSC=1NC1=C(Cl)C=CC(=C1)C(F)(F)F,0.613
MCULE-8198266059-0,C1(SC=C(C2C=CC3=C(OCO3)C=2)N=1)NC1=CC=C(C=N1)F,0.613
MCULE-6144750293-0,C1(SC=C(C2=CC=C(C)O2)N=1)NC1=C(C=CC=N1)C,0.613
MCULE-5133698137-0,N1C(C2C=CN=CC=2)=CSC=1NC1C=CC=C(Br)C=1,0.613
MCULE-1242629182-0,N1C(C2=CC=C(C=C2)N)=CSC=1NC1=CC=CC=C1Cl,0.613
MCULE-9825568647-0,O=C(C1=CC=C(N2C(=O)CCC2)C=C1)NC1SC=C(C2=NC=CC=C2)N=1,0.613
MCULE-5948805322-0,CC1N(CC(F)(F)F)C(C)=C(C2N=C(NC3=NC=CC=C3)SC=2)C=1,0.613
MCULE-6413715455-0,C1(=C(C)N=C2SC=CN21)C1=CSC(NC2C=CC=CN=2)=N1,0.613
MCULE-7128547705-0,CC1=C(C)C=C(C2N=C(NC3=CC(C(O)=O)=CC=C3)SC=2)C=C1,0.613
MCULE-4587330537-0,N1C(C2=CC=C(C=C2)CC)=CSC=1NC1=CC=CC(=C1)C(O)=O,0.613
MCULE-5939672799-0,N1C(C2=CC=C(C=C2)NC(C)=O)=CSC=1NC1C=C(C)C=CC=1C,0.613
MCULE-3464300060-0,N1C(C2C=CC(=CC=2)C(C)C)=CSC=1NC1=CC=CC(=C1)C(O)=O,0.613
MCULE-5186453009-0,N1C(C2=CC=CC=N2)=CSC=1NC(=O)CCN(C)C1=CC=C(C=C1)F,0.612
MCULE-4255678794-0,BrC1=CC(C(NC2SC=C(C3=NC=CC=C3)N=2)=O)=CC=C1,0.612
MCULE-2349164787-0,FC1=CC(C(NC2SC=C(C3=NC=CC=C3)N=2)=O)=CC=C1,0.612
MCULE-1455354653-0,O=C(C1=CC(C#N)=CC=C1)NC1SC=C(C2=NC=CC=C2)N=1,0.612
MCULE-5135135878-0,O=N(C1=CC=C(C(NC2SC=C(C3=NC=CC=C3)N=2)=O)C=C1)=O,0.612
MCULE-9472988145-0,FC1=CC(F)=C(NC(NC2SC=C(C3=NC=CC=C3)N=2)=O)C=C1,0.612
MCULE-3205535439-0,N1C(C2C=CC(=CC=2)Br)=CSC=1NC1C=CC(=CC=1)C,0.612
MCULE-8316707221-1,C1(C=CC=C2C=CC=CC=12)NC1SC=C(C2=CC=C(Cl)C=C2)N=1,0.612
MCULE-8033348207-0,C1(=CC=C(C)C=C1C)C1=CSC(NC2C=CC(C)=CC=2)=N1,0.612
MCULE-3187819051-0,N1C(C2C=CC(=CC=2)F)=CSC=1NC1=CC=C(C=C1)C,0.612
MCULE-6927067617-0,Br.N1C(C2C=CC(=CC=2)C)=CSC=1NC1C=CC(=CC=1)Cl,0.612
MCULE-6001903389-0,[Cl-].[NH+]1C(C2=CC=C(C=C2)Cl)=CSC=1NC1C=CC=C2C=CC=CC=12,0.612
MCULE-3979663300-0,O=N(C1=CC=C(C2N=C(NC3=CC=CC=C3)SC=2)C=C1)=O,0.612
MCULE-9135429329-0,N1C(C2C=CC=CC=2)=CSC=1NC1C=CC=C(Cl)C=1,0.612
MCULE-2091091142-0,Br.C1(=CSC(NC2=CC=CC=C2)=N1)C1=CC=C(Cl)C=C1,0.612
MCULE-8680557263-0,N1C(C2C=CC=CC=2)=CSC=1NC1=CC=C(C=C1)C(NN)=O,0.611
MCULE-9125331689-0,C1(NC2C=CC=C(C)C=2)SC(=C(C2C=CC(=CC=2)C)N=1)C,0.611
MCULE-7782010998-0,N1=C(NC2C=CC=C(C)C=2)SC=C1C1=CC=CC=C1Cl,0.611
MCULE-7711449488-0,CC1=CC(NC2SC=C(C3=CC(N(=O)=O)=CC=C3)N=2)=CC=C1,0.611
MCULE-8289363639-0,C1(SC=C(C2=CC=C(C=C2)CNC(C)=O)N=1)NC1C=C(C)N=CN=1,0.611
MCULE-2590048000-0,N1C(C2C=CC(=CC=2)Br)=CSC=1NC1C=CC=NC=1,0.611
MCULE-1463348189-0,N1C(C2=CC=C(C=C2)F)=CSC=1NC1C=CC=NC=1,0.611
MCULE-5555898402-0,ClC1=C(C(NC2SC=C(C3=NC=CC=C3)N=2)=O)C=CC=C1,0.611
MCULE-1336207124-0,N1C(C2=CC=C(C=C2)O)=CSC=1NC1C=CC=NC=1,0.611
MCULE-8416544292-0,N1C(=CSC=1NC1C=CC=NC=1)C1=CC=C(C)C=C1C,0.611
MCULE-6482631352-0,N1C(C2=CC=CN=C2)=CSC=1NC1C=CC=C(C=1)C(F)(F)F,0.611
MCULE-5508487563-0,N1C(C2=CC=NC=C2)=CSC=1NC1C=CC(=C(C(O)=O)C=1)O,0.611
MCULE-4625759053-0,N1C(C2C=CC=CC=2)=CSC=1NC1C=CC(=C(Cl)C=1)C,0.610
MCULE-9857983829-0,N1C(C2=CC=C(C=C2)C)=CSC=1NC1C=CC=CC=1Cl,0.610
MCULE-7609764800-0,Br.C1(=CSC(NC2=CC=CC=C2Cl)=N1)C1C=CC=CC=1,0.610
MCULE-5161107420-0,N1C(C2C=CC=CC=2)=CSC=1NC1=CC=C(C=C1)C(C)=O,0.610
MCULE-8890419034-0,[C@@]12(C)[C@@]([H])([C@H](C)CCC(=O)NC3SC=C(C4=CC=CC=N4)N=3)CC[C@@]1([H])[C@]1([C@@]([H])([C@@]3(C)CC[C@H](C[C@]3(C[C@H]1O)[H])O)C[C@@H]2O)[H],0.610
MCULE-4225040163-0,C12(C)C([H])(C(C)CCC(=O)NC3SC=C(C4=CC=CC=N4)N=3)CCC1([H])C1(C([H])(C3(C)CCC(CC3(CC1O)[H])O)CC2O)[H],0.610
MCULE-1876077585-0,OC12CC3CC(CC(C3)(CC(NC3SC=C(C4=NC=CC=C4)N=3)=O)C1)C2,0.610
MCULE-3949117325-0,N1C(C2C=CC(=CC=2)OC)=CSC=1NC1C=CC(=C(C)C=1)C,0.610
MCULE-6035517601-0,CC1=C(C)C=C(NC2SC=C(C3=CC(N(=O)=O)=CC=C3)N=2)C=C1,0.610
MCULE-8203088188-0,N(=O)(=O)C1C=CC=CC=1NC1SC=C(C2=CC=NC=C2)N=1,0.610
MCULE-8850088744-0,C1(=C(C)N=C2C=CC=CN12)C1=CSC(NC2=CC=CC(C)=C2)=N1,0.610
MCULE-9803335770-0,C1(=CSC(NC2C=NC=CC=2)=N1)C1C=CC(N(=O)=O)=CC=1,0.610
MCULE-5392800976-0,N(C1=CC=CC=C1)C1SC=C(C2C3=C(C=CC=C3)NC=2)N=1,0.610
MCULE-2143058999-0,N1C(C2=CC=C(C=C2)C)=CSC=1NC1C=CC(=CC=1)O,0.609
MCULE-2408434767-0,N1C(C2=CC=C(C)C(C)=C2)=CSC=1NC1=CC=C(C=C1)N(C)C,0.609
MCULE-9570321961-0,N1C(C2C=CC=CC=2)=CSC=1NC1C=CC(=CC=1)N(=O)=O,0.609
MCULE-2376942188-0,N1C(C2C=CC=CC=2)=CSC=1NC1C=CC(=CC=1)O.Br,0.609
MCULE-1037040561-0,N1C(C2=CC=C(C=C2)C)=CSC=1NC1=CC=C(C=C1)F.Br,0.609
MCULE-1201049528-0,N1C(C2C=CC(=C(C)C=2)C)=CSC=1NC1C=CC=C2C=CC=CC=12.Br,0.609
MCULE-1798317465-0,N1C(C2C=CC(=CC=2)F)=CSC=1NC1C=CC=CC=1,0.609
MCULE-1737793697-0,N1C(C2=CC=C(C=C2)Br)=CSC=1NC1C=CC=CC=1,0.609
MCULE-3483287845-0,C1(N(C)C2=CC=C(C=C2)O)SC=C(C2=CC=C3C(C=CC=C3)=C2)N=1,0.609
MCULE-5859523287-0,N1C(C2C=CC(=CC=2)F)=CSC=1NC1C=CC(=CC=1)F,0.609
MCULE-7384623723-0,N1C(=CSC=1NC1C=CC=CC=1)C1=CC=C(C=C1C)C,0.609
MCULE-9388921607-0,N1C(C2=CC=NC=C2)=CSC=1NC1C=CC=C(O)C=1,0.609
MCULE-9139841486-0,COC(N(CCCC(N(C1SC=C(C2=NC=CC=C2)N=1)C)=O)C)=O,0.609
MCULE-9417704344-0,C1(=CSC(NCC)=N1)C1=C(Cl)C=C(C=N1)C(F)(F)F,0.609
MCULE-8907857876-0,CC1=C(C)C=C(C2N=C(NC3=CC(C(O)=O)=CC=C3)SC=2)C=C1.Cl,0.609
MCULE-4969631902-0,C1(=C(C)N=C2C=C(C)C=CN12)C1=CSC(NC2N=CC=CN=2)=N1,0.609
MCULE-1354806174-0,N1C(C2=CC=CC(OC)=C2)=CSC=1NC1C=C(C)C=C(C)C=1,0.609
MCULE-7143542542-0,CC1=C(C)C2=C(C=CC(C(NC3SC=C(C4=NC=CC=C4)N=3)=O)=C2)N1,0.609
MCULE-2153773495-0,CC(C1C(C)=C(C2N=C(NC3=CC=CC=C3)SC=2)NC=1C)=O,0.608
MCULE-8046217164-0,N1C(C2=CC=CN=C2)=CSC=1NC1C=CC(=CC=1)C(F)(F)F,0.608
MCULE-5097882779-0,O=C(C1CNCC1)NC1SC=C(C2=NC=CC=C2)N=1,0.608
MCULE-9187761707-0,N1=C(NC2C=CC=C(Cl)C=2)SC=C1C1=CC=CC2=CC=CC=C12,0.608
MCULE-7127894390-0,N1=C(NC2C=CC=C(Cl)C=2)SC=C1C1=CC=CC2=CC=CC=C12.Cl,0.608
MCULE-5439169985-0,N1C(C2C=CC(=CC=2)F)=CSC=1NC1=CC=C(C=C1)C.Br,0.608
MCULE-2262963188-0,N1C(C2C=CC(=CC=2)N(=O)=O)=CSC=1NC1=CC=C(C=C1)C,0.608
MCULE-9535310686-0,N1C(C2C=CC(=CC=2)C)=CSC=1NC1=CC=CC(Cl)=C1,0.608
MCULE-7029361268-0,C1(SC=C(C2C=CC(=CC=2)CC)N=1)NC1=NC=CC=N1,0.608
MCULE-2206832921-0,CC1C=CC(=CC=1)NC1SC=C(C2=CC=C(C=C2)I)N=1,0.608
MCULE-8589707298-0,N1C(C2=CC=C(C=C2)Cl)=CSC=1NC1=CC=C(C=C1)N,0.608
MCULE-7395387145-0,N1C(C2C=CC(=CC=2)N(=O)=O)=CSC=1NC1C=CC=CC=1.Br,0.608
MCULE-9031903488-0,N1C(C2C=CC3C(=CC=CC=3)C=2)=CSC=1NC1=CC=CC(Cl)=C1,0.608
MCULE-5189462378-0,N1C(C2C=CC(=CC=2)Cl)=CSC=1NC1=CC=C(C=C1)N(C)C,0.608
MCULE-8066379081-0,C1(SC=C(C2=CC=C(C=C2)C(C)C)N=1)NC1=NC=CC=N1,0.608
MCULE-4502038088-0,N1C(=CSC=1NC1=CC=C(C=C1)C)C1=CC=C(C=C1C)C.Cl,0.608
MCULE-2207605902-0,C1(SC=C(C2=CC=CC=N2)N=1)NC(=O)C1=CC=C(C=C1)SC,0.608
MCULE-8622924645-0,CC(N1CCN(C2SC=C(C3=NC=C(C(F)(F)F)C=C3)N=2)CC1)=O,0.608
MCULE-1386146056-0,CC1=CC(NC2SC=C(C3=CC(F)=C(F)C=C3)N=2)=CC=C1,0.608
MCULE-3217835309-0,N1C(C2=CC=CC=C2)=CSC=1NC1C=CC(=CC=1)C(OCC)=O,0.608
MCULE-2705608088-0,N1C(C2C=CC(=CC=2)O)=CSC=1NC1C=CC=C(C)C=1.C(O)(=O)C(O)=O,0.608
MCULE-9962531093-0,N1C(C2=CC=C(C(Cl)=C2)Cl)=CSC=1NC1=CC=CC(C)=C1,0.608
MCULE-7417445585-0,N1C(C2C=CC=C(C=2)N(=O)=O)=CSC=1NC1C=CC=C(C)C=1.Br,0.608
MCULE-7557275492-0,N1C(C2=CC=C(C=C2)F)=CSC=1NC1C=CC=NC=1.Cl,0.607
MCULE-2427409106-0,N1C(C2=CC=CN=C2)=CSC=1NC1C=CC=CC=1C,0.607
MCULE-6088703225-0,N#CC1=CC=C(NC2SC=C(C3=NC=CN=C3)N=2)C=C1,0.607
MCULE-3291681179-0,OC12CC3(C(NC4SC=C(C5=NC=CC=C5)N=4)=O)CC(C1)CC(C3)C2,0.607
MCULE-1921653174-0,C1(SC(=NC=1C)N)C1=CSC(NC2C=C(C)C=CN=2)=N1,0.607
MCULE-2726503377-0,N1C(C2C=CC(=CC=2)Cl)=CSC=1NC1=CC=CC=C1C,0.606
MCULE-1875316606-0,NC1SC=C(C2=NC=C(Br)C=C2)N=1,0.606
MCULE-8197108788-0,N1C(C2=CC=CC=C2)=CSC=1NC1C=CC(=CC=1)C1=CSC(C)=N1,0.606
MCULE-4973797035-0,N1C(C2C=CC=CC=2)=CSC=1NC1=C(C=CC=C1Cl)Cl,0.606
MCULE-5930419097-0,N1C(C2=CC=C3C(C=CC=C3)=C2)=CSC=1NC1C=CC(=CC=1)C(C)=O,0.606
MCULE-4630033931-0,N1C(C2C=CC=CC=2)=CSC=1NC1=CC=C(C(Cl)=C1)C.Br,0.606
MCULE-6475158481-0,C1(=CSC(NC2C=CN=CC=2)=N1)C1C=CC(Br)=CC=1,0.606
MCULE-6234837948-0,Br.Br.NC1SC=C(C2=NC=C(Br)C=C2)N=1,0.606
MCULE-9608647967-0,ClC1=C(NC2SC=C(C3=CC=CC=C3)N=2)C(Cl)=CC=C1.Cl,0.606
MCULE-4921810421-0,N1C(C2C=CC(=CC=2)C)=CSC=1NC1=CC=C(C(Cl)=C1)C,0.606
MCULE-4122472807-0,N1C(C2=CC=CC(Cl)=C2)=CSC=1NC1C=CC(=CC=1)C,0.606
MCULE-4689474822-0,C1=CC(Cl)=C(C=C1)NC1SC=C(C2C=CC(C)=CC=2)[NH+]=1.[Br-],0.606
MCULE-4600431225-0,N1C(C2=CC=CC=C2)=CSC=1NC1C=CC(=CC=1C)O,0.606
MCULE-1048346498-0,N1(C2=CC=C(C=C2)C(=O)NC2SC=C(C3=CC=CC=N3)N=2)C(=O)CCC1=O,0.606
MCULE-4999395089-0,C1(SC=C(C2=CC=C(C=C2)NC(C)=O)N=1)NC1=NC=CC=N1,0.606
MCULE-8184470291-0,N1C(C2=CC=CN=C2)=CSC=1NC1C=CC(=CC=1)N(C)C,0.606
MCULE-1107084443-0,N1C(C2=CC=NC=C2)=CSC=1NC1C=CC=C(Cl)C=1Cl,0.606
MCULE-2141269245-0,N1C(C2C=CC(=C(C)C=2)C)=CSC=1NC1=CC(=CC(=C1)C(F)(F)F)C(F)(F)F,0.606
MCULE-1816078745-0,N1C(C2=CC=C(C=C2)Cl)=CSC=1NC1=CC=CC(=C1)C(F)(F)F,0.606
MCULE-2808251230-0,N1C(C2=CC=C(C=C2)I)=CSC=1NC1C=CC=C(C=1)C(F)(F)F,0.606
MCULE-9627532874-0,N1C(C2=CC=NC=C2)=CSC=1NC1C=CC(=CC=1Cl)Cl,0.606
MCULE-8460341141-0,N1C(C2=CC=C(C(Cl)=C2)Cl)=CSC=1NC1=CC=C(C(C)=C1)C,0.606
MCULE-9046737820-0,N1C(C2C=CC=NC=2)=CSC=1NC1=CC=C(C=C1)N,0.606
MCULE-4459112913-0,N1C(C2C=CC(=CC=2)O)=CSC=1NC1C=CC=C(C=1)C(F)(F)F,0.606
MCULE-7828196179-0,C1(=CSC(NC2=CN=CC=C2)=N1)C1C=CC=C(Cl)C=1,0.606
MCULE-1983701371-0,C1(=CSC(NC2C=NC=CC=2)=N1)C1C=CC(N(=O)=O)=CC=1.Br,0.606
MCULE-8777481536-0,N1C(C2=CC=CN=C2)=CSC=1NC1=CC=CC(=C1)C(O)=O,0.606
MCULE-2028130824-0,FC1=CC(C(NC2SC=C(C3=NC=CC=C3)N=2)=O)=CC(F)=C1,0.606
MCULE-2886561701-0,C1(SC=C(C2C=CC=CN=2)N=1)NC(=O)C1=CC=C(C=C1)OC,0.606
MCULE-8839381175-0,C1(=CSC(NC(C)C)=N1)C1=C(Cl)C=C(C=N1)C(F)(F)F,0.606
MCULE-2562346127-0,FC1=C(C(NC2SC=C(C3=NC=CC=C3)N=2)=O)C=CC=C1,0.606
MCULE-4899487415-0,C1(SC(N)=NC=1C)C1=CSC(NC2C=CC=C(C)N=2)=N1,0.605
MCULE-6749507901-0,N1C(C2C=CC(=CC=2)O)=CSC=1NC1C=CC(=CC=1)O,0.605
MCULE-6984719860-0,N1C(C2=CC=C3C(C=CC=C3)=C2)=CSC=1NC1C=CC(=CC=1)N(=O)=O,0.605
MCULE-2487053866-0,N1C(C2=CC=C(C=C2)C)=CSC=1NC1C=CC(=CC=1)N(=O)=O,0.605
MCULE-6352343085-0,Br.N1C(=CSC=1NC1=CC=CC=C1)C1C=CC(=CC=1C)C,0.605
MCULE-4459547354-0,N1C(C2=CC=C(C=C2)Br)=CSC=1NC1C=CC=C2C=CC=CC=12,0.605
MCULE-9560881411-0,Br.N1C(C2=CC=C(C=C2)Br)=CSC=1NC1C=CC=C2C=CC=CC=12,0.605
MCULE-3037081928-0,Br.N1C(C2C=CC(=CC=2)F)=CSC=1NC1=CC=C(C=C1)F,0.605
MCULE-5997336093-0,N1C(C2=CC=C(C=C2)C2C=CC=CC=2)=CSC=1NC1=CC=C(C=C1)F,0.605
MCULE-1566636137-0,N1C(C2=CC=C(C=C2)F)=CSC=1NC1C=CC=C2C=CC=CC=12,0.605
MCULE-3195257222-0,N1C(C2=CC=NC=C2)=CSC=1NC1=CC=C(C=C1)NC(C)=O,0.605
MCULE-6180079978-0,CC1=CC=C(NC2SC=C(C3=CC(O)=C(O)C=C3)N=2)C=C1,0.605
MCULE-5466898217-0,C1(=CSC(NC2C=CN=CC=2)=N1)C1C=CC(N(=O)=O)=CC=1,0.605
MCULE-9890427955-0,N1C(C2=CC=NC=C2)=CSC=1NC1C=CC(=CC=1)OC,0.605
MCULE-6130797295-0,N1C(C2C=CC(=CC=2)O)=CSC=1NC1C=CC=C(C=1)C(O)=O,0.605
MCULE-4154226903-0,N1C(C2=CC=CC(OC)=C2)=CSC=1NC1C=C(C)C=C(C)C=1.Br,0.605
MCULE-5405587729-0,N1C(=CSC=1NC1C=CC=C(C=1)C(O)=O)C1C=CC(=CC=1C)C,0.605
MCULE-8346788187-0,N1C(C2=CC=C(C=C2)NC(C)=O)=CSC=1NC1C=CC=NC=1,0.605
MCULE-6439800818-0,CC1(C(NC2SC=C(C3=NC=CC=C3)N=2)=O)C(Cl)(Cl)C1,0.605
MCULE-3636268667-0,COC(C1=CC(C(NC2SC=C(C3=NC=CC=C3)N=2)=O)=CC=C1)=O,0.604
MCULE-1369882995-0,C1(=C(C)N=C2C=CC=CN12)C1=CSC(NC2C=CC(=CC=2)C)=N1,0.604
MCULE-1152492490-0,O=C(C(NC1=CC=CC=C1)=O)NC1SC=C(C2=NC=CC=C2)N=1,0.604
MCULE-9559224571-0,N1=C(SC=C1C1=CC=C(C)O1)NC1=CC=C(C=N1)Cl,0.604
MCULE-1799887726-0,O=C(C1=CC(N2C(=O)CCC2)=CC=C1)NC1SC=C(C2=NC=CC=C2)N=1,0.604
MCULE-9659863794-0,N1C(C2=CC=CC(Cl)=C2)=CSC=1NC1C=CC=CC=1,0.604
MCULE-6674354560-0,Br.N1C(C2=CC=C(C=C2)Cl)=CSC=1NC1=CC=C(C=C1)N(C)C,0.604
MCULE-7788740429-0,O=N(C1=CC=C(C2N=C(NC3=C4C(C=CC=C4)=CC=C3)SC=2)C=C1)=O.Br,0.604
MCULE-3431541941-0,N1C(C2C=CC(=C(Cl)C=2)Cl)=CSC=1NC1=CC=CC(C)=C1.Br,0.604
MCULE-8466803719-0,C1(=CC=C2C=CC=CC2=C1)C1=CSC(NC2C=CC(C(=O)OCC)=CC=2)=N1,0.604
MCULE-7321923892-0,Br.C1(SC(=NC=1C)N)C1=CSC(NC2C=C(C)C=CN=2)=N1,0.603
MCULE-9170653837-0,CS(CC1=CC=C(C(NC2SC=C(C3=NC=CC=C3)N=2)=O)C=C1)(=O)=O,0.603
MCULE-7064242875-0,N(=O)(=O)C1C=CC=CC=1NC1SC=C(C2C=CC=CC=2)N=1,0.603
MCULE-8849617378-0,N1C(C2C=CC=CC=2)=CSC=1NC1=C(C=CC=C1Cl)Cl.Br,0.603
MCULE-2276647090-0,N1C(C2=CC=C(C=C2)Cl)=CSC=1NC1C=CC=CC=1Cl,0.603
MCULE-4372923736-0,N1C(C2C=CC(=CC=2)N(=O)=O)=CSC=1NC1=CC=CC=C1C,0.603
MCULE-2633148980-0,CS(NC1=CC=C(C2N=C(NC3=CC=CC=C3)SC=2)C=C1)(=O)=O,0.603
MCULE-2249132523-0,C1(=CSC(NC2=CC=CC=C2Cl)=N1)C1C=CC(C2=CC=CC=C2)=CC=1,0.603
MCULE-8796978885-0,C1(NC2C=CC(=CC=2)C)SC(=C(C2C=CC=CC=2)N=1)C,0.603
MCULE-7604436140-0,OC1=C(O)C=C(C2N=C(NC3=CC=CC=C3)SC=2)C=C1,0.603
MCULE-9761399112-0,CC1=CC(NC2SC=C(C3=CC(N(=O)=O)=CC=C3)N=2)=C(C)C=C1,0.602
MCULE-3025745994-0,Br.N1C(C2=CC=C(C=C2)I)=CSC=1NC1C=CC=C(C=1)C(F)(F)F,0.602
MCULE-3319956634-0,N1C(C2=CC=C(C=C2)CC(C)C)=CSC=1NC1=CC=CC(=C1)C(F)(F)F,0.602
MCULE-8219724236-0,N1C(C2C=CC(=CC=2)OC)=CSC=1NC1C=C(C)C=CC=1C,0.602
MCULE-2220147188-0,C1(=CSC(N)=N1)C1=C(C)C=C2C=CC=CN12,0.602
MCULE-9637391240-0,Br.N1C(C2=CC=C(C(Cl)=C2)Cl)=CSC=1NC1=CC=C(C(C)=C1)C,0.602
MCULE-6449642233-0,C1(SC=C(C2=CC=CC=N2)N=1)NC(=O)NC1C=CC=CC=1C(F)(F)F,0.602
MCULE-7568662817-0,C1(=CC2C=CC=CC=2OC1=O)C1=CSC(NC2=CC=CC(C)=N2)=N1,0.602
MCULE-6138405964-0,N1C(=CSC=1NC1=CC=C(C=C1)N(C)C)C1=CC=C(C)C=C1C,0.601
MCULE-7606712169-0,N1C(C2=CC=C(C=C2)I)=CSC=1NC1C=CC(=CC=1)I,0.601
MCULE-4362453157-0,N1C(C2C=CC(=CC=2)Br)=CSC=1NC1=CC=C(C=C1)N(C)C,0.601
MCULE-6137114796-0,N1C(C2C=CC(=CC=2)C)=CSC=1NC1C=CC=C(Br)C=1,0.601
MCULE-3684659695-0,Br.N1C(C2=CC=C(C=C2)C2C=CC=CC=2)=CSC=1NC1=CC=C(C=C1)F,0.601
MCULE-3393493067-0,Br.N1C(C2=CC=C(C=C2)F)=CSC=1NC1C=CC=C2C=CC=CC=12,0.601
MCULE-5451325445-0,N1C(C2=CC=C(C=C2)Br)=CSC=1NC1C=CC(=CC=1)N,0.601
MCULE-4120971750-0,Br.N1C(C2=CC=C(C=C2)Br)=CSC=1NC1C=CC(=CC=1)N,0.601
MCULE-8210874787-0,N1C(C2=CC=CC=C2)=CSC=1NC1C=CC=C(O)C=1,0.601
MCULE-8490505878-0,N1C(C2C=CC(=CC=2)Br)=CSC=1NC1=CC=C(C=C1)N(C)C.Br,0.601
MCULE-7043074557-0,N1C(C2C=CC(=CC=2)O)=CSC=1NC1=CC=C(C=C1)N(C)C,0.601
MCULE-2836138095-0,N1C(C2C=CC(=CC=2)F)=CSC=1NC1C=CC(=CC=1)N,0.601
MCULE-2718551633-0,N1C(C2=CC=NC=C2)=CSC=1NC1C=CC=CC=1F,0.601
MCULE-7537511098-0,N1C(C2C=CC=C(N)C=2)=CSC=1NC1=CC=CC=C1Cl,0.601
MCULE-2256245302-0,CC1=C(C)C=C(C2N=C(NC3=CC=C(C(O)=O)C=C3)SC=2)C=C1,0.601
MCULE-2021325006-0,N1C(C2C=CC(=CC=2)NC(C)=O)=CSC=1NC1=CC=CC(=C1)C(F)(F)F,0.601
MCULE-3752548992-0,N1C(=CSC=1NC1C=CC=C(C=1)C(O)=O)C1C=CC(=CC=1C)C.Cl[H],0.601
MCULE-5094649113-0,N1C(C2C=CC(=CC=2)Br)=CSC=1NC1C=CC=C(C=1)C(O)=O,0.601
MCULE-2303683968-0,N1C(C2C=CC(=CC=2)Cl)=CSC=1NC1C=CC=C(C=1)C(O)=O,0.601
MCULE-2562592336-0,N1C(C2C=CC(=CC=2)F)=CSC=1NC1C=CC=C(C=1)C(O)=O,0.601
MCULE-5893251840-0,Br.N1C(C2C=CC(=CC=2)Br)=CSC=1NC1C=CC=C(C=1)C(O)=O,0.601
MCULE-9524006856-0,CS(NC1=CC=C(C2N=C(NC3=CN=CC=C3)SC=2)C=C1)(=O)=O,0.601
MCULE-4210012625-0,C1(=CSC(NCC(F)(F)F)=N1)C1=C(Cl)C=C(C=N1)C(F)(F)F,0.601
MCULE-7904863213-0,Br.Br.C1(=C(C)N=C2C=CC=CN12)C1=CSC(NC2C=CC(=CC=2)C)=N1,0.601
MCULE-9459259112-0,O=N(C1=CC(C(NC2SC=C(C3=NC=CC=C3)N=2)=O)=CC=C1)=O,0.601
MCULE-5284646869-0,C1(SC=C(C2=CC=CC=N2)N=1)NC(=O)C1=CC=CC(SC)=C1,0.601
MCULE-2858279315-0,C1(SC=C(C2C=CC3=C(OCO3)C=2)N=1)NC1=CC=C(C=N1)Br,0.601
MCULE-3690814346-0,O=C1NC2=C(C=C(C3N=C(NC4=NC=CC=C4)SC=3)C=C2)C1,0.601
MCULE-5288572267-0,C1(=CSC(NC2=CN=CC=C2)=N1)C1C=CC=C(Br)C=1,0.600
MCULE-6799497372-0,N1=C(NC2C=CC=NC=2)SC=C1C1C(C)=CC(=C(C)C=1)C,0.600
MCULE-2299213028-0,CC(NC1=CC=C(C2N=C(NC3=CC=C(C)C=C3)SC=2)C=C1)=O,0.600
MCULE-8206787775-0,O=S(C1=CC=C(C2N=C(NC3=NC=CC=C3)SC=2)C=C1)(N1CCCCCC1)=O,0.600
MCULE-8938600302-0,C1(SC=C(C2=CC=CC=N2)N=1)NC(=O)C1=CC=CC=C1SC,0.600
MCULE-4044035776-0,N1C(C2C=CC(=CC=2)Cl)=CSC=1NC1=CC=CC(Cl)=C1,0.600
MCULE-8693061190-0,C1(SC=C(C2=CC=CC=N2)N=1)NC(=O)C1C=CC2=C(N(C)C=C2)C=1,0.600
MCULE-4733363843-0,CC1=C(N(=O)=O)C=C(C(NC2SC=C(C3=NC=CC=C3)N=2)=O)C=C1,0.600
MCULE-4904503475-0,NC(NC1=CC=C(C2N=C(NC3=CC=CC=C3)SC=2)C=C1)=O,0.600
MCULE-9478774014-1,N1C(C2C=CC(=C(O)C=2)O)=CSC=1NC1=CC=CC(=C1)C(F)(F)F,0.600
MCULE-2968604061-0,N1C(C2C=CC(=CC=2)NC(C)=O)=CSC=1NC1=CC=CC=C1,0.600
MCULE-6277170609-0,N1C(=CSC=1NC1C=CC=CC=1C)C1=CC=C(C)C=C1C,0.600
MCULE-8524724267-0,N1=C(NC2C=CC=C(C)C=2)SC=C1C1C=CC(=CC=1F)F,0.600
MCULE-5993943904-0,O=C(C1=CC2=C(N=CC=N2)C=C1)NC1SC=C(C2=NC=CC=C2)N=1,0.600
MCULE-2049062517-0,ClC1=CC(C(NC2SC=C(C3=NC=CC=C3)N=2)=O)=C(Cl)C=C1,0.600
MCULE-2450596744-0,CC(C(NCCC(NC1SC=C(C2=NC=CC=C2)N=1)=O)=O)(C)C,0.600
MCULE-4900589999-0,N1C(C2C=CC(=CC=2)C)=CSC=1NC1C=CC(=C(Cl)C=1)Cl,0.600
MCULE-8106168850-0,C1(=CSC(NC2=CN=CC=C2)=N1)C1C=CC=C(F)C=1,0.600
